VARIANT_TYPE,CHROM,POS,REF_A,ALT_A,REF_B,ALT_B,STATUS
only_in_vcf1,FR839632,1750,T,TA,-,-,Only in file vcf1
same_variant,FR839632,10141,G,GA,G,GA,Same_variant
same_variant,FR839632,12488,G,GA,G,GA,Same_variant
same_variant,FR839632,17147,A,AAT,A,AAT,Same_variant
same_variant,FR839632,17148,T,A,T,A,Same_variant
only_in_vcf1,LT962476,400788,C,CT,-,-,Only in file vcf1
only_in_vcf1,LT962476,1007947,T,TCC,-,-,Only in file vcf1
only_in_vcf2,LT962476,1108450,-,-,C,G,Only in file vcf2
same_variant,LT962476,1401082,G,GA,G,GA,Same_variant
only_in_vcf1,LT962476,1514386,AG,A,-,-,Only in file vcf1
same_variant,LT962476,2299853,G,T,G,T,Same_variant
same_variant,LT962476,2299910,G,A,G,A,Same_variant
same_variant,LT962476,2374311,A,AT,A,AT,Same_variant
same_variant,LT962476,2611795,T,TA,T,TA,Same_variant
same_variant,LT962476,2770733,C,CCCTGGTTTGGGT,C,CCCTGGTTTGGGT,Same_variant
same_variant,LT962476,2800228,CTTACCAGTGGGCTTATCGTAG,C,CTTACCAGTGGGCTTATCGTAG,C,Same_variant
same_variant,LT962476,2888340,A,AC,A,AC,Same_variant
same_variant,LT962476,2888705,A,AC,A,AC,Same_variant
same_variant,LT962476,2889615,A,AC,A,AC,Same_variant
same_variant,LT962476,2890382,AC,A,AC,A,Same_variant
same_variant,LT962476,2891142,T,TC,T,TC,Same_variant
same_variant,LT962476,2891283,T,TC,T,TC,Same_variant
same_variant,LT962476,2891434,TG,T,TG,T,Same_variant
same_variant,LT962476,2891439,GC,G,GC,G,Same_variant
same_variant,LT962476,2891642,A,AC,A,AC,Same_variant
same_variant,LT962476,2891727,G,GC,G,GC,Same_variant
same_variant,LT962476,2891907,GC,G,GC,G,Same_variant
same_variant,LT962476,2893209,A,AG,A,AG,Same_variant
same_variant,LT962476,2893785,T,TGTC,T,TGTC,Same_variant
same_variant,LT962476,2894567,A,AC,A,AC,Same_variant
same_variant,LT962476,2894733,G,GA,G,GA,Same_variant
only_in_vcf1,LT962477,131622,G,GTT,-,-,Only in file vcf1
same_variant,LT962477,1123330,G,GA,G,GA,Same_variant
same_variant,LT962477,1371702,C,CTT,C,CTT,Same_variant
only_in_vcf1,LT962477,1684758,A,AT,-,-,Only in file vcf1
same_variant,LT962477,2159778,G,GA,G,GA,Same_variant
only_in_vcf1,LT962478,74913,CT,C,-,-,Only in file vcf1
same_variant,LT962478,256961,G,GA,G,GA,Same_variant
same_variant,LT962478,360705,T,TTA,T,TTA,Same_variant
same_variant,LT962478,360706,A,T,A,T,Same_variant
only_in_vcf2,LT962478,483043,-,-,G,C,Only in file vcf2
same_variant,LT962478,532124,G,GA,G,GA,Same_variant
only_in_vcf1,LT962478,603924,G,GA,-,-,Only in file vcf1
same_variant,LT962478,642289,G,GT,G,GT,Same_variant
only_in_vcf1,LT962478,688824,T,C,-,-,Only in file vcf1
same_variant,LT962478,788078,G,GTTT,G,GTTT,Same_variant
only_in_vcf2,LT962478,868268,-,-,TA,T,Only in file vcf2
only_in_vcf2,LT962478,1068619,-,-,C,CTACCGTTCGTATAATGTATGCTATACGAACGGTA,Only in file vcf2
only_in_vcf2,LT962478,1187905,-,-,A,G,Only in file vcf2
same_variant,LT962478,1205502,A,AT,A,AT,Same_variant
only_in_vcf2,LT962478,1470096,-,-,A,AC,Only in file vcf2
only_in_vcf2,LT962478,1475564,-,-,G,GCTGAAATCGATTCAAATGGCGGAAAAATTTTGGAGAATGGGTTTAGACCCTTTCTTCTAGACTCGAGGACCCAATTTATTGACAGCGAACATAATTTACAATTGACACCAAAGGACAGTTTAGACTCTTTTTCTTTTGCTGCCATAATTTCAAACGGAGTTGTAAGAACACCAAAATATTTGGAAGCGTTGGCGTTGGGTTGGCCTGTATTAGGGCATGAATTTATTGGTGATTGCTTAAAGGATTCCAAAACTTTTTCTAGGTGGAAAGCATATCTTTTGCCTGCAGGAAAGACCAAACTGGTATCAGGGTTGAAGAGTATAGAGATTTCCCGCTTTATAAACAACTTTGAGGCTGGAAAAAGCTTAGTCTCCCAGTTGCGGGCAAATAATTACAAAATGAACGGCATGAGACTCTTAGTCATCCAGGATGGTGACCAGGTGAAAGCCGGTGTGGTTGAATTTCTAGCTTATTGTTTTGGTGTTAAATCGTTGGACAAACCTGCCAACTACGAGGAAGCTTTGAGCATCATAGAAAAATACCACCCCTCTAATGGAAGGGAAGATAAATGTGAATGTGCCTTGTATGACGACAAGACCATCAAGGAGATAACTGGAGCACTCAATTTGGCATACGATAAAATTGACAATCAAACCCCTAACGATCAAACAGAAGAGCTTGCTTCCGGGGCGACCACAAAGAAGAGGGGGATTGACTCGCAAGATTTGATTACCACCCGACGACGACGGACAGTTAAGAAAATCAATTATAATGAAGACAGTGACGATGAACCAGAAATAAAATCAAAAAGGTCAAAAAGCGTTTCGAAGCTTCAAGCAAGAAACTTGCCCGAATCTAAAAGGACTAGGATTCAGCTTCTTAATTGGGAATGGATGACCGAAGTGATTGTATCTGGAGAAGTATGGCCCCCCAGTGGGAACTATAATTGATTAACTTCATATATATATATATGTAATTTTGAATCATGACATTTTACTTATTACTTTCTATTCAATTAATTTACAGTAGTAGACAGCTCACAGTCAACAGACTGGCCAATGATGTAAAGAAACACAAAACTAAAGAAGATCCTGAGGACGATGAGTTCGATCCTTCAGCCTGTGAAGGTGATGCACTGAATGATTCAGCAACTGCAGTTCCGGAAAAGGGGTAAGGCTCTGAATAAATAGAACCATTGGAAATGAATGCTGTTGCTATGTTAGGATTGAGTTCGTCCACTTCGGAATTGGTGTATATTGTTAGAGTCAGCGTTGAATAATCAGTTAAATTATTCCCTAGAGCTCCTGGTATGCTATCTGTTTCGATGGTAGCTATGCCTGATGTTTGCTCGGTTTGAGTTCCTGAAGAAGTTATGGTTGAAGAATTTCTAGACGAGCTGTTAGTGACTGAACTTGATGATATTGCAGACTCTTCCCTTTTGTCAAAATTGGCTGTACTAGTCTCATCTAGTGTGGACGGTCTCTCCGATGTTCTTGAAGTTGAAACAGGTGGAGGAACATAAACTCCCATTGATTCCGAAACAGAAACGTTCGAAGCGGGAGGAATGCTATCTCTATTAAGATTGGCAACGGCGACCTTTTTTGAATCATGATTAACGGCAACCACTGCATTCCTTAAAAAGGGGGTTCCTAGCAGTGGATAACCAATGTAAACATCAGGAGCCATGGCAAGAATACAAACATCTTCTCCATTAGCAAAGCTCAGCCTTTTGTCTCCTTGGTATGCTGGATAAATCAACTCCTTGATAGGAGCATGAACGGTAAGGTTACCCATGTGAAAGTTTAAAGTTGCGTCCAGTTGACCAACAGAACAGTTCACGGCCCATTTATGAAGTGTATCAAGATACAGTGCATTAAGCTGCACTGCTATATGTATGATTGAAGAGAATGGAAGATGGATAAAGATGTTTCTTGAATCTAACATCATTGGAAGTGGGTATGTTCCCGTTAAGACCGTGTTGTTCCACTCATTGGGGAAAAAGACAGTTCTCTGTTTGTCATTCGAAGACATGCTTAATCCGCTGATCGGAACTGTAGGGAATGTATCTTCCCAATCGAATCCAAAAACTCCATTGGGATCTGACACCGGAATAAAATCGAATTCTACCAGAGGCTCGACATACTTGGTAGAGTTTATTGTCCCCAAATAGAGCTCTCCATATGAAGAATCGATTTCGTTTAATGCCAATGAAAACGAGTTGGATTCAATAAGACCACCGCTTTGGAGTCTTTGTAAGAAAGTTGGCACGTCCTGTGAGGTGTAACTCCCCAACGCCAAAGACCCCACAGCGGCGCTACTATTGTGGGCATTCAAAAATTTCAGATCTGTAGCAGTCATTCTTGCTCCATTATTCAATGTGACGTAAAAATTGTCTTCCATATAAACGCCATCAGCAAATAAGTTGTTTGTAAGATTTACTCTCTCGGCCGATGCCTCATCTGTATTGTTTACAGTTGTGTTTGCGTAGACATCAACGAAATCTGCAGTTGGACTATTGGAAGCATCGTAAACGTTTTGAGCAGAATTGAAACACAGGGAAGACGAAACATTTGAGCCATTACAGGAGTAGTAGCTACTATCCAGAGTCCAAGAGAGACCTTGGTTAATATCCAAACGCAACCAGAACTCTTCATCTGAACGTGGAACTCCAGCCATAGTATCATAAAACATACCAGCGTTGCTTCGCAGCTTAACAAAATTAGCCGACGAAAAGCATATCAGAGACAAAACCAACAACGCCTGGTACATGCTTTTCGGCCTGGTCTGGGATTAATCAAGGGAACAAGTCACTATAAATTTTTGATGACAAATATTGCAATTCGAGGGGTTATGCGAGCCTAAGAAAAGAATGAGGGAAATACGATCACTGAAAAATTCAGGTCATGCAAGGATCAAGAAAAAACTCCAGAGTAAACGTACATGAGATCTCTTCTAATCGTTCAATCGTTCAATTCATCATTTACACAACTAAAATGTAAGATCAGGTTGGCTAAGCCACGAAACATGCATGTTTGGATGAAATAATGGATCTTGGCCTAAGTGAGCAGGCTTGGCGCGCTCTGGCCTTGAATCAGGGAGCTGCCGATGTTGTTGTAATAGGGCAATATACGCATTTTCTCCATCCAATGCAGGAAAATCATCATCGCCTATTGGCATAGCTAGTGGTACAGAATTCTCAAAGTTTTGGGGAATCTGCTGAAAGTTAGTTTGAAAGTTTACCTGTTTCTGGGAGTCGCTCTGAGACACCTGTGAATCTGCCTGGGACTTCATGTAAATCTGTGCCTGCACCTGTGCTTGCACCTGTCCACCAAAAGGATCAACAACTGAGTGCAAACTTGACTCTCTTGCCGTCCAAGACCTCCCAAACATTTCCCCATTGGAATTTGGATGGGCGAATAACGACCGATCCACTGGGTGTCCAATGGGATTTATCGCTTCATCTAAAGACTGAGAGCTAGAATCGTTAGTTGAGCCTGCAAGCGATTCCCCACTCGTATGTCCGCTTAAAGAGTCACTAGCAGAGGAGTGATCACTTAAGTCGTGTATCGAAGAAGTTCGGCTTGCATTTTCTGAGTTTTCAGTCCATGTGTTCGTGGAGCCAGACTCACCAAGTAGATGTGTCACATCCTCCAACTTGGGGGCTGAAACTACTTCTCCATCCATAACTAGTTTGAGCATTGGATTTTCGTTGACACCGTTGTTAGCGACATTCAATAGAGATGACTGCTTTCCTGTTTTCTTTCGATTTCGTGTCATGATACGACTACTGTAACCTTCTGGAAGACCTCGACAGACACCCTTCTCGATATGCCTCTCAACCCAGATTTCATTGTTCTGAAAGCTCTGACCACATGATCCACACCACCCCATCATACCAGTTCGATCAGCGCATTTCACACCTTTAGGGTACTTGAAGTGCATAGCTTTCAAATGTACCTTGTAGGTATCACGTCTGGAAAAACCCTCACCTAAACTGCATTTGCCATGGCCTGATTCATAGAAAGGACAATGATAAGCCTTACGTTGTGAATGCTTCTTGGAATGCCGCGTTAAGTATCCACGAAACTTAAATTTAGAAGGACATTCGGAGCAATGGTAGTAGGTTTCTCCATTGGTAACTGAAGTCACTACACTAGAGACACGCTTTCTTCTGTTCCTTTTATGAATGTTAAGCTCCTTGGACGATTCGGCCAAAGAACTGTGATCCTGACTACCATCCTTCGAATTACTTGAGCTTGGAAGGTTTTGTTGATGTTGCTGATGCTGGTGTTCTTGCTCTTGTTCCTGTAGTTGTTGTTGTTCTTGTTTGTGTTGTTGTTGTTCTTCTTTAACTAAAAACGGGGTGCCAAACATTAGGTGAACATCAGAGTCCTGAGTACTATCGGCCATAAATGGCGATAACGACTCACTTAAACCATCCTCCATCAAACTGGGAGACTTCTCTGCACTTTCGTTATCCTCAACAAATTTCCATTCCATTTCTCCGTTTGAGTTTTTGAAGGGAACTAACTTGGTGTTGAAAGTCAAGGAACATGGATGAACGTTCTTGAAAACCTTTATTTGGGTGATACGTTGTTGACTTTCTGGAAATAAAGATTTTTTGTCATCCAACTCGTGTGATTCCTCACTGTCTGACGAGATTTTTCTGGTAGGTGGCAACACATGATTTAGCCCATCAGACAGTAAAGTGAGTAAGGGGAAAAAAGACGCTAGCACATTCCAGTAATATCGAAACCGCAGTTGCACAAGTTTGAAGAAACTTATGAAAATACTTGACATTTTGTACAGCCTCAATAAAAAAAAAGGAAAAAGGGCAACGATCAATTATTGGGGGCAGAAGTTTTAGTACAACGCAAATGCTTGTTGTCGCGACTAATATGGAAGATAAGGTTTAGATTGGTACAGAATAGGCAACTATTTCCTAATTAACTTCTACTTGGTCATTTTCCAATTACCCATTTGGATTTCGACGGTGCACGCCGGAGAACCTATCCGATCTCCACTTTTCTGGGGAGGGAGCCGTCCATGCGATAGACCACTGAACTGTTATTAAGCTGATTTGCATTCAGTAGGCAAATACCACGGCCATTGGAGCTGGGACCTAACCATGCGGGTCGATGTTATTCTAATCAGTGCTGGTTCATTCGTTTACCTCTTCCAGTTCCACATCTGTAAGAGTGGGTACTGTTGAACTCTCAGTCAATCTGTAATAATTGTACCACAATATGTCAAGTAGCGTAATCAGTAGGCCGACTCCGTTGATCAGACTGAGTGAATCGCCAAAGACCAGGTGACCTAAGAGTATCGTGAGTAGTTCCTTAAAGATCCCTGCAATTGACAGAGTCAACAGAGAGGCATAACTTAGTAAGATAAACTCACTTAAAGTCATCAAAAATGCTAAGATGCCTGGAATCACTAGGAGACAAAGCGTGACTGGCACACCCTTGATATCCCAGACTTTTGAAGCAGCAAACGAACCAAACCCTTCCAGAAATCCTCCCGTAATGAACAAAGCAATGCTCATAGCAGGAGATAAGTAGAATATGGTTAATATCGGATTCTGGGTATGGGAATGTCTTTTGAGTAATAATTGAGTTAAGGCCCAACGCAATCCGGACATAACAGCAGAAATCAGGACTAAAGAACATCCAATGAAGATATGGGTAGGTCTGTTGTCACCATCTTTGGAATCATGGCCATAGACCATCATCACCACCCCACCTGTCATAATTGCCACAATAAGCACCAATCTGGTCGAAAGGGTTTCAAGCTTGAAAGCTACTCCCCAGAGGAGCACAAAAACTAAACTCGAAGACTTGACCATGGTGTACAATGAGAGGGTGATAAATCGAAACGAAGAGTTACCTGCGCCAATATCAGCTGCTGAGGCTAATGCACAAGGCAGGATAGTACGAACGTACATTTGCCAGGGCATGGAATATGACAGTTTGGAGTCATGAGCCAGACGAAATTGTGGTGTTAATAAGAGGCATGACCCACTGAGAATAAACAGGACCATCTGGTGCAAACTTGTTATGATGACTGGAAATTCAAATCCAAGGTCGGGCCCAAACATCCACTTGTTATATAGTGAGATTGACAATGAAAAGAGGTACCATGCTAAGATAGAAAAAACTATGGGGTTGCTGTTGGCAGGAAACAAATGTGTTAAGGCCATTATTGGTTCTGAAAATTTGTGAACAGGGATAATTGATGCAAGATCTAATGATGGGGAGGTTTTCTAGCGGGTTGAATCGAGTGAATATTGAAATGTTAGGTGTCTAGCTCCATCAGTAATCTTCGCCTTCTTTGTAGATGTGTTGTTAATTCAGAACAAACAACTGAGAAATGAGTTTAGGGATTTCACTTTTAGGCGTATATTGCGCGAGGAAGGCCCCCCCCTGGATATCGATCAAAATTTTATTTATTTAGCTATTTAATCACTTTCCTCTTCAGCCTCGCGTAACCACTGGACCCATTTGCCAGCAGGGGCTTTTACTTCTATTAGCTCTTCGCTTGCGTTTGATTCTGGAGCATCCCACCAAGCATAGATCTGATCTTCTTCTACAATATCCTCGTCGTAGAGGATATATAGAGCTCGCATCAAGATACTGGCTGCGTCAGATCTGTTCTCCAATTCAAGGCATTGTTGTTGCAAGACATTCAGAAGATCGATTTGCTCTTCAGTTTCAAACACTTGTCTGCGGAATAGCAGGCCCCATTTTCTAAAGATCTTGTTGGTTGCCTCCGTCAAAGATAGAGTCTGCGTAGCAACAAAATGTTCGATTCTTGCCAGTAAAGCCTTTGTAGTAGCCAGTCTTAGCTCATGATAGGAAACATTCATAGACATACGGAGAGTATTGAGCTCTAGTAATGCGGTATCTAGATCATGGTTGTTCTCCATTGATCTGGTCACTGTGGCCATGGCTTCTTTGTCAAAATCATCTTCATCTCTGAGACCATCGGCATCACTGTCAAATTCCGAGTAGTAACTAGTTGTAGATAACGTTCTACCCTTACGACGAGACCCGGTACCTGGTAACGAAGTAATTGAAGTGTCTGAGAGATCAAAAAGACCGTCGTCGTGGGCCGCAGATTCGGAGAATTTTAATTGTGGCATCTTAGATTCAGATGCTGCCACTTCAGCACCGGCAGGTACTTCTTCATTGAATCCAACAATTGCTCCAGGAAGAAGCTTGGCTCCAGCACGGATTATTGCCCCAGAAGCTACTACTGCCCCGGTGGCTTCTACGCCATTTTCTAAAACGACATCATCCCAAATATACGAGTTCTTCAGTTGGACACCTTCACCGATACGAACATTTTTTCCGACACAGGAACAGACAATATTCGTCTCGGCTCCAACAAATGAGCCTCCGCCAATGACTACGCACCGCTGTAGCCTAGATGTCTGTGCCAGTATTACATCATTTTCTTTGTAGATGTGTTCACCCACGTGAATGTAGGAAGTTCCATCAATTACGTTTGACTCTGGGGCCACAGGGTAAGTCCAGCGCTCCATAATATCCTGAGATATTGCATGATATGTGGACCAACTCTCAACCCTTGCGGCGTATTGGTTAGTGATGTGTGCGTAAACGGTTTTTTGTAAAATATCTGATGCCAATATTCCACGGACAAAGTCATTACGTAGTTCTTGATAATCAAAATTTTCCTGGAATATTAGTGGTACCTGAGGGGCACAAATGTCGACATGGCAATCGACTAGGTCATTTCTGATCTCAAACTTGTCAATGCCAGTTAGAAGCTCCGGGTCTATAGAAACTGCTTTCTTTGCACCCCCAATTTGTTCATAGTATAAGCATTTTCCAGTGGCTCTGTCTACCATGAAAGTAGCCGGTTCAGTGTTAGATCTGGATCTGTGATAGGGGGACGCTTCCATCAAAACCATTGTTAACATATGGTCTTTATCCTGGGATCTGCGTTGTCTATGAGTCTTGAGCACTGGCTCCAAAGACATATTTGTAACGACGTCACCGCTGATCAGTACAAAATCTCCCGTTATTAGTCCTCGGTTATCTAAGTCTCGCATTGCATCACCGACCGATCTGGACTCCAATGAGAGCACAGTTTGAACCTTGAAAGGTGAATTTCTTTGGCTCCACTTTGATTTTTCCAAATAATCTTGAATTTGTGAAGCATGCGATCTGCACATTACATATACTTCATCAACACCTGAATTTGCTAAAAACTCCAATGTGTACTCTATGAGAGGGACGTTAGCCAAAGGAAGCAAACATCTGGGGCTTTGCGAGGAGACTGGTTCAAATCTTGTTTGATAGGAATCCGTCAGTATAATGGCCTGCAAACGTTCATCCTGAACTATCTCCTTTTGTTTCTTGTTCTTTGGAGGCATTAATACTGTGAGAAGAGTAAAAATCTAACTGAACATTTTCAGCATGCAATTCTCCTAAAAAAAATCAATGATGGATGCTGGATGGCAAGAAGTTTTTATAGTATCACTCGAGGATTCAAGATATCTCATTGACAGTTAGAGCACCGCCTGACACTTGAAGTCAGAAAGTCTCAGAATAATACCACCATTCTCTGTCTGCTTAGATTCCAGTTTTGTTGAAGTTGTTACTACAATAGCTACTTTATTCTATACTTGGTTTATTTTGAGACGAGAACTTTCAGCTCCAGTTTCGGGAAAATTGAAGACTTAATTCCTTAGGGTCCATGTCAAAGCGGTGTAGAACTTTGTTCTGGTCGAATAACTTCTTTTCGTTGAACTGCCTAATAGGCTGCCGTAACTCCTTATCCACTTTTTGAGGCCTAAACTCTAATAATTTTTCTTCTAAAACGCCATATCGAGAAATGAGAAACTCTTTGAACTGTTCCAAAGTCAAGAAAGCCGTAACTAAAAAACTCAGTCCTCGCCATGATAATCCTTCACCGTCATGCTCATTCTCCTGGTTATCAATTTCTGCGGAAAGGGGTGCACCTTGTTTACTAAGCAACCCATCTATACCTCGTATTATCAGGTAAACTTCCTCTAATGTGATAAAACTAACATTTGCTAAATTCAAGACAACGAAGCAGACATAATCTCGATAGGCTTGGGAATCACTTTCTGTTAAAATTCTTACATCGTTGATAAAAGACCGTAAAAGATTAGAAAAGAATTTTCTTCGGGAACTTTTATTGTCGCCCAAGATTGTTAAAAACAAGGGCAGAAAAAATGTCTCTTTCCACATATCCTTAGAATGGGCTTTGCGGTATTCAGTTGCCATTCTGACACCCTCTACGTAGCTTGATTCTATCAGGCTTTCGTGTTTGTTGTGCAGCTCACGGTGTATCTGAAGAGCAAGACTCCTTATAGTCCTGTTGGAAGAAGACTCTAAGCAAACAATTGTAGAAATACAAACTTTTGGGTTTGCCATACCCAATCTGACAACAAAGTCGATAAATCTAACTGGCAGCAAAGAGTAGTATCCTTCATCAAAGATGCACATTTTCAGAATGTAAGGCATATACTTGTGAACCAATGAGACACCCAGACTCTCATTCACAAATGACGGTGATTTTCCATGAAACACTTCTACATCCAAGGATATCTGCTTTGAGTTTTTGTTAGAATGATCTGAATTGTTAATGCTAGTTTCTTCATGCTGGCTCAGGAACTCAAAAATCCCTTGTATAATCACTTCTTTAGTATCCACGTAGTCAGACTGTAATTCTTCATCCATGATTGTCACCAAGGGTTTAGAGAGGAAGAACTTGGGATGCGTTACACATAATTCCATTAGATTTCGAATCGCAATTCGACGTATTTTACGGCTCATCGGAGGCTTCGTAAAAAGTAACAGTGAACGCACAAATACACTAACTACTGGCTCGTTAGGTTGTATGGTGATATTATTCTTTTCAAATAAGTCACGATACGTCTCAAAGTAGCAGCATCTTCCAAATGATCCTGCAAGGTAAAGCAATCTGGTTAGCTTTGCATTCAAGTCTCCCTCATGGTTAGAATTAACAAATGGTCGTAAAAGACGCAAGCACGATATAGCAGCATTGACGTATCTAGTATCGTTTTGAAGTTTGCTAAGGTAGTAAACTGTCGGCATCGCCTCAAACAGCTCTTTGACATTGAACTTGGTGAGTTTCTCCAATAACAGGGTTAAGCACTCATAAGTAAAAGAAGAAGCCAGATTTTTCATTAATGGAAGGGAGTGTTTAAACAGTTTAAGCGTGTAATAACAAGTAACAGTATTCGAATGTTCATCCAAGTAAGGTTTCAAAAACACAAGCTGGTCTTGGTTCAAAATTTCCCCATTGATCAAGACTAAAGTTGAAGTTAAGCACATCATATGCTCCGCCTTCCCATTGCCTTCGTTTTCAACAATAGATTCCAAGGAGCTATCTGCAATTGCTTTGATGGATCTGAGTACCATTCTTGAAGAATTAGTATCATTATTTTTTTCATCGTTCAAAAAAGACCTTATAAACTCCACAAAGCTGTCCTTATTCTTATTACTCCTGGCCAGAAGCTGTGCCATTATTTCGACCCTCGCATGAACACCCAATCTATATGCTGCGGGATTGTCCTCATTATTCATTACGTCCAGAGAGTAGAACCATAGTTCTAAAAGTGTTTCCCCAGCAAGCATGACCATCGATTCCTCTTCATCCTCCAGTAGCTTTAAGGCACCTTCAGCAATTTGTACCTGAATAGATACATCTTGTGTGACTATATACATGGATTTGAGACACTTAAGAGCACCTTTCCTCACAGAGATACTCTCATCAAAAAGTTTGTCCAGAATCAGTAGATAGAAGTCAGTCAAATAGGGCTCTTTGTCAATATATTTAGAGGCTTCTTGAATAATCCAATTGTTTATGATAGGCGAACTGTCCCGAAGACCTTTAATAAAGATCTTTTTAACTGTGGAATAGTCTAAAACTTCTCTTGAAAGGAGAAGAGAAACCGTTTTCATAGCTTTAAGACGAGTTTTAGGCTTTTTGCTGTCCAAATTGTTAAGCATCATAACCAAAAATCGATCGTACAATTGTAGCAAACTTTGGGAGTTCAACACTTCATCATATAAGCTGTAAATATTAACGTCAACGTCAGGCGGAGCTTTCCCAGTAGAATTACTGAAATCAAGCTTTGATAGAGTATCTTCTGGGCTCGGAGAACTGACAATACAGTTGACCAGTATTGTGGTAGCAGCACTCCAGTCCAGTTGTAGCAAAAGGTTGGGTAGCATTGATAGGTCAAAACTTTTTTCTCTATTTTCAAAATTCAACTTCTCATTCAAAGACTTGGCAATCAGCCCGGCAATAAGAATTGAAATGTCGTTATCACTAGACTCACTTAAACCTTTCATAAACCTTTTGATTAGAAGAGAAGCTCCAGGAAAATGTGGGTCGGAAAGTACTTGTAGCACGTCTTGAATCAGATATTCAAGTTTACTCCTCAACTTTGGATGGTCCACTACACGTTCCATCAAAGTTGCAAATACTATTTGTAGAATATTCTGAATTTCATCGTGAACTTTAGTCACTTCAGACAAACTAAGCTGCCTAAAATCAAGAGTTTCAACTTGAATCATTCTAATAAGGGTGACAGTGAAAACATCTAGTATTACACTCTGCACCCTGTATACTTTGGAGTTTCTCTCATCTAGTTTGTGTATTGCATAGCAGAATTCTGTGAGAATAAACTCTCTCTGATCTGGGAAAAACCTGAAAATAGATAGTAGTAGGTCGGAGGCAGCAACTTTCAAAGGGCTAAATCGTGAGTAGTCCATTAGAAGATTTTTCCTCTTATGATCAGTATGATGAGTTATGATTGTGATGCAAACGTACTCGAGTCTGGTGAAAAGATAGTCATCAAGCCTATGATTGACGCAGTATATTGAAAGTGCCACTATTGATTGTTTGCATAACTCAAAAATCAGACTAAAGCTATCTGTAGTCACTGTAGATTCGCCGATGGATAGTGTACTTAGAGGTTCAATAATGTCTTCATACTTGGTACAAAAAAATGTCACTAAACTTTTGAGACAAGTATCCAAGTGCAAAAGTTTGTCGTTATCCAGGTTTAAAATAGTTAAATTGATTAGAAGACAATAAAAACCTTTGAATGTCAAGTCCCAGTCTTGTTCATTCTCTAATGATTCTGTTATTAGTTGTAGAGTTGCCTTTTGAACGTTTCTTAATACCTGAGTATCTAGTTTCAGTTCTGCACGATTTGTATCTAATTGATACAAGAGATCCATTATTCTCAGTAAATGATGGTGTTCCAGATGTTCCTCCAAAACGATCTCTTGTAAAGTAGAAATGATCTCCTGTGTATATTTTTCATTCTCCTGATCCGGTTGAAAAATCAAGGAACTAGAGCTTGCAGCAATTGTATCTTCCGTGGCTGTCTTTAGCTCAAGCAAGGGCTTTTTAGTGAAATAGAGCTCTTTTACGTCAATAGGTTCAACGTTCATTTTGAGTCTCTTCACCTTCAATTTGGGTTTCACTATTTTAGGGCTGGAACTCCGATTATACGTCTGCAAAACCTGCCTAATAAGCAAATTATCACGATGAGGCTGTCCAGAGTTGCAATTAAGCTCTCTTGATTTGACTATAGGTTTCCTAAAGCGCAATCCTTCCAATTGTGGATCCATATCTTGAATCCGATGGGCTGTCGTCTGGAGAACTGAGTCCTCACATTCGCATGAGAAGTGACTAACAGAAGGCCCCCCTATATCCACTTGATAGGGGCTCGCCAGCGATACCATATCCTGAAGAGCAACTAGTGGCACAGGATAGTTCACCAATACTGATGGCAAATCCATGGAGGCACACAGGAGTGGATTTGATATCAGCAGGTAACGGTGTCGAGCGACAGAGGTGCGCAGATCAGACTCACCTTCAAGAAAATGCCCTCTGGGCGGAAACCTTGTTCCCTCGAAGATTTCAATCACCTCCTATAACCCCACCATTATCAGTCATGAGCTGTAGAGTTTTCGTTCCTTACGGAATAACAGAGACTGATCCCAAATTGATCAGCAAATCTAACAAAGAAAAGGAGGGTCCATGGTTTATTGAGAATATAATTTTGAGACAAATTCCATCAATTCAGGAGACACTGGTATCCTGTAAAGATATGATAGTTGATGAGAGCAACGAGATAAAGTTACCTATTTCATCCAGAAACTCTGATGTAATCAAAGGAGTTATTATCAGAAAACAGTGTGAGATAGTAGGAATCAACTTGATTTTGAAGGGCTTTCCCGTTAAGCATTTGGAGTTGAAAGCTAATGAGAGAGTTGTTATTCCTCAGTTGAATGACGGAGTGCATGAAATCGATCAGGCATTGATTAGTATCGACCGTTTGTTTCAACTTTATAGTGATGGAACTCACTTTGAACGCTACTTGGATGTTTTAACTGAGTTTCATGGACATATCAAACTAGCTAAGGATAGCTTGAAACTGCCATCACCAGATTATTTGTTCCCTCGATACAGAAACGTAAAAGCTTTGGAGCCAGAACTTCCAGTTAGCATGTCCTTAGACTTTTACATCAATAATGGAGATATATGTCTGGAAATCAACAAGTTGCATCAATCCCACGCCGTCCCTTGGAGCATTATTGTCAACAAGACCAAAAGACAAAGTTTTGTTGATGTTGTCAGAACTCAAATTAGCAAAAATCGGGAAGACTCCATAAATGAGATTGTAGACATGGAGTACAAGAAGCTACTAAGGTGGCTTGATAGTGAGAGTGGCACTGCTATCGAAGATGACAATAATCATCACAAGAAGTCATTACAGGGAAGAGGTGTTGGCGGAGTGCTTAGCGGTCTTTTCTTCAATGGAGGGTCCAGTTTCAGAAATTGCAATAAGTATTTGCAGAATTATTTGACGTATTTGGACAACGATAACCAACCAATTGTTGTTATGGTGGAGGAAAAGTTTGAAGTTCTGAGCTCAGACCCTATCCTTATTAGTACAAGTACAAAGTTGGAGACCCTGGAGCGCGTAGTTGAAAAGATGATAGAAAATTTCCAGGTGGTCAACTATAAAGATAACAGATAAGATTTGCAGGCAAACCAAGAAAGAGCAGTATTTGGCTGGATCAAAGCCTATTGGTTTGTTTTTCACGTTGAGGCCACTGAGTGTTGAGTATACGGTGTGAATTGACACTAATAAACAATTGAGGAACTGAGAAAAGGAAATTGACAAAATAGGAGATATGGGAAGCCAAGTGTTTGATTCATGAATATTGTTCGTCAACGCAAAGTATTCATGTATTCATCTATTTCGAACAATGTCCTTCAATGAATTGCAAAATATTCACTTATTCTTGTCGTTCAGCCTTTCCTCCGAAACAGTTTTGAAGCAGATAATTTACATTAATAGTACAAAATAAATATCCAATACAGATTAAACATCTCGTTTGTCAAACAAACTCGACTACATGACCTCAATCTTCTCTAATTTCCTCTGTATGTTTGTTTTCTTGCAAGCTGTTCCTCTCCTGCACTTGATATTCTAGCTGCCGCCTTTTAGATCGAAGTAGCTCCAATCTGGAAGGAATGCCCGATGATAATCTTTTTTTCCTCAACGAACTAACATTCTCTAGTCGAATTTTGTTTAATTCACACTTTCGTATCAGGCTGTTACGTTTTCTTTCAAGCTTGACCAATTCATGGTCCAGTCGATTGAGTAGCAGAACGATATTCGGCTCTACCGAATGTCGCAGAGTTTTTTTTGATTGCAGTACATCTGCTTCTGGGATCAACCCAAATACCCTGTTGGTCTTGAGAATGGTAGATAACTTGGGAAAAGAGGTAGTCGCCCGACTCAAGACTTCCGTTGAAGAATCCAAGAGCTCAACGGAAGCCTCTAACGAGTTGATACAGCTTTCCAGAAACATCAATAGGGCTCAATGATCAATCTTTAGGCGTGATAAGGAACACTCTGTATTTACTTGAAGCGCGTATCGAGAAGAGAAAACATAAGGTAAGGATGTTTGTAACACCAAATCTAGAAGTATAACAGTTCTACAATTGCCAATACAACTTCACCAATTGATCATATATACGTTGATGACCAGAATGTAAACAGTTTCCCATAAACACAAAAGAAATCGGCTGGCTGAGGAAACAAAAAATATGGGGCTTTTTATAGTCTTGAGATGGCACCGCCTGGCGAAGTTTCCGTTCTGCCAGTGAGAATCTCCACACCATCTTCCGTAACCAAAAGGGTATGTTCAAATTGGGCACTTGGTCCTCCATCAGCGGTAACGGCGGTCCAGTTGTCGGGCCAAACCACGTCACGATGAGTGCCCAGAGTCAACATTGGTTCGATAGTGAATACCACTCCTGGTTTGGCTACTCCAACAGCTTTGTTACGAGCGTAATGCGGAATGGTTGGTTCAGTGTGGAACAAAGTATTGATACCATGACCAGTGTAAGAACGAACAGTTTCACAGCCTCTTTCAGTCACATAGTTTTCGATAACAGTACCAATTTGACGGAACGGCATGCCGGGTTTCACTAAACGGATAGCTTCAGCAAGAGCTTCTCTGGTTGTCTCGACGAGGTTGACCAGATCTTTGTTAGTCTTGGCCTTCTCTCCAACATAGTACGTTTCATTCAGATCTGCATGAAATCCATCTTTATAAAGGGTAACATCCAGGTTCACGATGTCACCATCCTGGAGCGGTCTACGATCAGGTATACCGTGGCAGATGACTTCATTAACGGATGTGCAAACAGATTTGGGAAAATTGAAGTAATTTAAAGGGGAGGGGTATGCTTCTCTCTTGATTGTTTCACTATGAACGATTTCATCTATCTCATCAGTGGTAACTCCTGGTTTGATAGATGCAGCCGCAGCATCTAGAACCTCTCGTGCTAAACGGCAAACATTTTTTAGCTTGGCCAGGTCTTCTGGCTCCGTTACCAAATTGATCTTGTTCATTCTGTTATTTTTGATTTCTGAGACTGGTACTCCATCAAGAGCATAATCTGGGAGAGTAATGTTCTCTGGAACCTCTCGTCTCACAGACAAGGGATATGCTGGTCTGAGCTCACCGGTGTAGGCAAAGTTGGGAAAGGGGTTGTACGAACCATCTATATCACCATCTTTGGCGTGAACCGCTTTGTGGATCTTCCATCCATTCTTGAAACATTTTTGGTTACAAAAATATTGGATCTGACCTTGTTTTAGACACAAGGGACATTTTAAGGTAGATTCAGTCGCTTTTGAGCACTCAGCACTAGCACAGCTGTGAATCATGAAGTTTTTTTTCTGAGGTAGAATTGATTTCTTTAGCGCGAGCTCTTCACCAGAGACCATGGCCGCAAAAACGACAGTACACCAAGGAAGTTGAAGAAGCAACCTCTTCAAGCGACATATAAAAGGATTACAGCTCAGTAGAGATCTTAAATTCTTCCTCTTTACTCAAGTTTTTTACTACAATATGAATGTGTGGTACCGCTTTTATACTCTGTAACGCTCCCCAATTACGGAACCATATTAGTCGGGATCGATCTATGCCAACTCTTAAAACAAACAACTCGGTTATCAATGCATCTAATCTTTTCCTGGTTTCCTCCGAAATATCTCCCAGTGGTGAATGAGGATCTGGAGGGATCTCAGTTTTCAGCCAAGCTACCAAGTGAACCAAATCCGGTGTAAAAAAGTAAGGAAACTGATTACGTTCTACATGGTAGGGTCGAGACGACTCTCCAAAGTAGTTTCCGTCATCTCCCTTGTGCCACTTCAATTTTTGAAGCACATAGTTCTCAACAGAACTGCCTTGATAAATGAGATGTTGTTTGTGCATGTCGTAGCATTTCTTGCAATCGCGTGATCGATAAAGCTTGTCAATATCATTTCTATTTACTATTTCAATTAGTTGATCCCAGGATATAGGCAAAGAACCAATCATGGAAGGTGTCGGTGATGATGAGTTTGAAATAAAGAGAGTAAGTCAGGTTCCAATTTCTCGAAGTCAGTTAGTTAGCCCGCCGGAAGGAGGTTTGGAGGGATTGAGTTTGTGCGGCGAATCCTTCAAATCTGCCCCCTAGGATGATCCTGGAAAGGAGATTCATCACTACCTCGTTTTTTAAATCTTTCTTCCTCTCTTCCCTGACCATCTCCTTACAGCTATCCCACAATGTCGGAAGTTCAAATTGCCCCTAAAGAAGTCATATACTGTGAAGTTTGCTCATTTCCTCCGGAGTACTGCGAATTTGGTGGAACGTTCAACAAATGTAAAGCATGGTTGGAAAAGGAACATCCTCAGCTATTTCAAAGTCTCTACAGTGCAGATGCCCTTGCAGCTGCCACTTCGTCTCTTTCGTTGGAAAAAGAAGAAAAGATTTCCCAGGATTTGCAGAAGAAGCGTCGAAAGGAGGAGAAGAAACAAGAGAGAGAATTACAGCAAAAGCTGGCATCTAAAGTCCTGATAAAAAAGATTGCTAGAACTAAGAGGAAGCAAGTCATTGCCATATCTGGCCTAGAAGTTTTCAATATTGACATGAAGAAGTTGGCAAAGACTTTTGCGTCAAAATTTGCCACCGGGGCTTCAGTAACTAAGAATCTGGAGAAGAAGGATGAAATTATCATTCAAGGTGATGTTGGTGATGAGGTTGAACAATATATCTTGGAGTTGTTAGAAAAGGACGGGCTAACCGAAGTCAAAGTGGAACAGGTCGATGAAAAGCCAAAAAAGAAGAAGCCTACTGCGCCAGGTACTGGTACTGGCACCGCTACTTCGACATAGTTAAAGTAATAAGCATTTGGCGACACGTCCCAAATTAATGACTTACTCATTCTCTAATATTTGTGTGAATGTTCAACCTAAGGGGCCATTGTACGTTAATTTTGTAGATTAAAGCTATTAGAGTAATTTCTCAGTCTAGAGATGACTATCACTGTTCCTCCTGATACTTTTTTCTCGCGCTTTAACTATCCTTAACATTAGTAGCTCTCCACCTGATCAATTCAATGGAAATTAACTCTAGGAACTTACTGACGATAGGGATACTTCTTCGTGTGGGGTTTTTCATTTATGGACTGTATCAAGATTCTCATTTGGAGGTAAAATATACAGACATTGATTACTACGTGTTTACAGATGCCGCCAAATTTATCGCTAATGACAGATCGCCCTATGCTAGAGAAACCTACAGGTATACTCCATTGCTAGCTCTTTTGCTACTCCCAACAACCTTGGGGGGATTCTATTTTCAATTTGGTAAGGTATTGTTTATGCTCTTTGATTTGCTCACTGGAATTCTGATTCTTAGAATCCTGGAGTTGACAAAGACAAGAGAGAGAAACAGATTGGTTCTCGCAAGTTTATGGCTACTGAATCCAATGGTTATCACAATTAGCAGCAGAGGAAGCTCCGAGTCCATTTTGAGTGCATTGGTCCTAGCCTCAATCTATTCGTTACTGAAGGGAAATATATTTGCCTGTGGACTAGCACTGGGGTTATCAATTCACCTGAAAATCTATCCAATTATCTATTTGCCCACAATGATTGTGTTTTTGAGTCGGGATGGAAAGGTTGTGAAAGGAATGAAAGAAATGAGTCAATATTTTACAAAGGATGCCATATACTTGGTGTGTGTTGCTGGCTTTACGTTTAGTTCGTTAACAGTTCTAATGTTCCATCTATATGGGATGGCTTTTTTGCGAGAAACTTATATTTACCATTTCATTCGAATTGATCACAGGCATAACTTTTCCCTTTACAACACTGCATTGTATTTCGTCTCTTCTTTGGAGCATCAAGGGCTCAAGGGAGATCTACTTAGTTTTGAGAAATGGGCTTTCATTCCTCAATTAGGGTTTTCAGCCGTACTGATTCCTTGGTATTTGACCAAAAAAGATGTCACATCAACCTTTTTTATTCAGACATTTGTCTTTGTCCTGTTCAACAAAGTCATCACTTCCCAATATTTCGTCTGGTACCTCTGTTTGCTTCCCTTTTATTTGAGACAATACAGCAGTTGGAAACAATGGCCCGAATGGGCCGGTTTAGTTATCTGGTCAGCTTCGCAGGGTCTTTGGCTTTATTTCGCTTACCAATTGGAGTTCAAAGGAAGAAGTACTTTCTATCCACAGCTTTTTGGAGCGGCTAGTTTGTTCTTTGCTGGAAATATATACCTTACTGGGCTTTTTGTAAAAAGAACGAAGTCGCTCAGCGAGGCAGATCAAGATAAGGAGAAAAAGCTTAGATAACGCAGAAAGATACGTTAGACGGGATCCAGCCTGATATGCCACACTATAAATATCATCAATGCAAATTTCCGTAATCTCATGTCCTTGAAGACCTCAGTTCATCTTGCCTAATATCTTCAACATCGCGCGCTCAAGAAAATTTCTCCCTTGAAATGGAACTATACTCTCCAGAAGGTCTCAGAGTAGACGGTAGAAGATGGAATGAACTGAGAAGGTTCTACTGTCGTATAAACACCCACCCAATTGTAGCAGATGGGTCTGCTTATGTGGAAGCTGGAAATACAAAAATTGTGTGTCTACTCAATGGTCCCCATGAACCTACGAGGTCTCAAATGAACACCCAAAAGGGATCACTAGACATCAAGTTGCATGTATCACCCTTCAGTACAACAGAAAGAAGGAAAGTCACACGTAATGACAGAAGAATCCAAGAACTAAGCACTATTTTGAAGAATACATTCGAACAAGTGGTGATTTTGAAGAATTATCCTCGCACAATAATTGAAGTTAACGTCAGAGTACTGGCCCAAGATGGTGGATTACTAGCTGCTTGTTGTAATGCTATAACATTAGCTTTGGTAGATGCCGGGATTGCTCTTTACGATTATATATCTGCCGTGTCGGCCGGCGTGTTTGATAACCAAATCCTGTTAGATTTAAACAGATTAGAGGAGCAAGATCTGTCCTCTGTAACAATCGGAGTCGTTGGTAAGACCAAAAAGCTGTCATTAGTACTGTCGGAAACCAGGCTACCACAGGATAGACTGGCTAAGGTTTTCGAAGTCGCTGTGAATGGATGTCATCAATTGAAAGACCAAATGGATGCGCAAGTTGCAAAAAAAGGAAGGGAGAAGGCCATCACGGAAGAATTGAAAACTAACTGGGTGCAGTGAAATATGATTTATGTTCCATTTTCCTTCTTGCCAATTTGGCTGGACTTTTTCTCCCTGTATTGTAGAATTAGAAGGTCTCTATTATGAGCCTCCAATCTTAGTTTCATCAAATCATCGTCAATTAGATCTTGCTTCTTGAATAACGTTCTACACTCGGGACAAAAGCCAGAACCTTGAGATTGTTGCAAGAACTCTAAAATATGAGTTCTTTCGAAACAGTGGCCGCACACCGTTATCTTGACGGGGTTTTTCATCGGCCGTTTAGATATAGGACAAATTAGACTAACCTTACCCCCTGAAATTGCCACGTCGTCATCCTCTGCATCTGGAAGTTCAGATTCAGGATTCAGCGTCACAAATAAATGTTCTTGTAGCAGTTGTAATCTGTTGTTTGCGGTCTCAAAAGTTGCTGAATCAACTTCCAATGTGGACAATAGCGATTCTAATTGATCAGCACAACTAATCTCCTCTCTTTGATCTCTCAACACGTCCAGATTATCCAAGCTGACCTCAGCCGATTCTCTGTAGTTGATTCTTTTTTGCGCCTTGATAGCAGTCAGCGCCACCTGATATCTTGATCGTTCTAACTCTTCTTCAGTGATTTTTCTTCCAGAACTGGTGAACTCATCGATGAGGTTCTTACAATCTTTCTGTATACTTTCTCTAACCTTTTCCAAGGGATCATCGATTAGTTGGAGTGCCTCCATTTCTAGCTTATTGGAGATGAACTTGGAGGCAGTTTGTTCTAGCTGATCCGTGTATCTAGAAACCATTGATCTGAACTGGGTATCATAGAGATTGACTTTCGATAATTCCTGTTGAGCCTCTGGAACTAGTGGGAAAGACGTCGGAAGTTTAATTGCGCTCAGGCCTGCTAATCCCCCATTTCCAGTGGGTTCAGTTTTCATAGCGTGGAGTAGTGAGTTGTAAACAGGTAAAGTGTACAGTAGTTATTTCGAGGATTACATATTTTGTTGGAAAAGCACCCACCCAGAAATAGAGAATACAAATCATTAGTGGCACAATGACGGCCTTACCGGTGCTGTATAAGGTAATAACATTACAGAATCTACACTCTTTGTATATACAATCGTATCAAAGACAGGAGAAGGAGATCACTCTTGATATGGATAAACTTCGGTCAAACATAAACGCTAGTCCGTTGATAGATCCAGCCTACGATCTATGTCAGATAGACACACAAAAAGTTCATAAGGATAACCAGACTAGCCAAGTGATTAGTGGCGAGCAGATTGTCGAAATAATCAACGAATTCTTTTCAGAAAATGGTGGCCAAGCATTGATTCCTATTTCGACTAATGTGTTCAAGATTTCAGAAACTATCAGCATAAATACGATAAAGGATCGACTTATTAAAGTCTTAAACCATTACAAAAACACAACTCTGAGAGAAGTAGCAGCTTTGGAGGCGCAATATCACCTATTAAGGACACAAAAAGAGAAAGTAATTGCCTCAGAAGTATTGAAAGAGGATGAGGATGAGTCTATAGATGAAGTTGAAGACAATAAACCTGAAGAAGCGGAAACCGCCAGGAAAGATTACAAAGTGGATGAGCCTCAGGAGGAGCAGCAAGATGAAGATGAGAAGAGCCCAGCTCCAAAGGAACCATCTAAAAGTGAACTGAGCACTGGTGGTGAATTTTCCAATGGCAGTAAGGAGGAAGAGAATATGGAACAGGCGGAAATTTTGAAAGAGGAAGACACTTCTGAAGAGCACAAAGAGAACAAAAATGAGGAACCTGTTAAGGAGCTTGAGGAGACGGAAAACACAAAAGATGAGAATACTGAGAAGAAAGTTGAAAGTACAGCAGAAAGCCAAATAGAACAACAACATGATATTGATGTCAAGTCAGAGAAAGCAGATGACGAAATTGGTGAAAAGTCAGATCTATCTGAAAAGACGGAGGAAAATCATTCCGAGAAAGAAGAATTAGTCGATTCAACCTTCAATTCTGGAATACAACCAACTGAAACTACCGACAGTGACCAACAGATGGTTGCTGATAGGACTAAGCAAGATCAGGCAATTGGTGAGAAGAAACCCATAGATAACGACTTTGATGGTGATTCTTCCAGTAAGGAAAAATCTAGTGAAGTAATCAGTGAGACACTTAATGGTGAATCTAGCCCAGAAAAGTCTCAAGAGGAGGACAATAATCAGGAGGCAAATGCTACAGAGGAAAGCCCGGAGGAACAGGAGGGTCAACCAGAAGAATCACGGGCAGAAGAAAAGTTGAGTGTGGAAACTACTGATGACAAGAGTTTGCTTGACCGAGAATCTCCTTCTAAAGAATCTGAACGAAAACGTTCCCATGATGCAGATGAATCAGAACAAGAGATCTCTCCATCTAAAAGACAGAAGAAAGAGGATACACAAAAGTCCATCAAAAAGTTCCAAACAATTGCATCAAATCTTATCTCCCAAATCTCCTCTAATAGGTTTGCGTCTACCTTTTTGGCACCCGTGAACAAATCTGAGGAGCCTGAATATTACAAGATTGTTAAACAACCTCAAGATCTGAAGACCATTCTCAAGCACTGCAGAAATGGGGAGATAACCACCTTTGACGAATTGACTAAAGTTCTACAGATCATGTTTACAAATGCCATCATCTATAACGATGAAGACAGTGATGTTTCGAAGCTAACGATTGAAATGATGGAAGAAACTACTAAGATTATAGAGCTGTTCAGAGAAAGTCTGGATTAGTCCTGGACAATGAACTTTATGTACAAAAATATGGGGTTAACGTCTTAGCTGTTGCATCATAAGTTGGTTTTGTTCTTGGAAACGTTGACCAACTCTCTCACTGTGCTTGAGGAACTTTTCTGCACACTTGTTGATGCAGCCTTCCTCCTTAGAAGTCAACTTGTTAGATGTAAAATCATTGACACAGTCTGTAAAACATTTGCTAACCAAATCGGAGTAAAGACGCATGAAGTCTTTCATTTGTTTTTGTTCAACGAGTTTCTGGAACTCTTGTTGTTCTTTAGCGTTCAATGCGTCCATTTTGTGATGTACTTGGTTGGGGTAGAGTTAGCACTTGCTCTCTCTGTTACCAGTTTTTGTCAAGATTGAAGAAAAAAGTTTTTTGGACGGTACACGTCGCACCTATCCTTCGCATTGATCCACTCTAATGAGTTAACATCAACCTGATCAAAGGGATAGATACCTAGACAATGGCTCGCAGTTATGCCGAGAGAGCAAATACTCATCAATCACCTGTGGCACGACGACTGTTTGCGCTTATGGAACAGAAACAGAGTAACCTATGCGCATCAGTCGACGTGAGAACAACTAAAGAATTATTGGAGCTTCTAGATAAATTGGGCCCATTTATCTGTTTGGCCAAGACTCATATCGACATAATTGATGACTTCACGTATGATGGAACTATTCTGCCTTTATTGGAACTATCAAAGAAACACAAGTTTTTAATTTTTGAGGACAGAAAGTTTGCTGATATAGGCAACACTGTCAAGCATCAATATCAAGGAGGTGTCTACAAGATTGCACAATGGGCAGATATTACAAATGCTCATGGTGTCATTGGTAGTGGAATTGTAAAGGGTCTAAAGGAGGCAGCCACTGAGACAACAGATCAACCAAGGGGACTATTGATGTTGGCTGAACTGTCGTCAAAGGGATCAATTGCCCATGGTAAGTACACCGAAGAAACTGTAGAAATTGCAAAATCAGACAAGGAATTCGTCATTGGGTTTATTGCTCAAAATTCTATGGGAGGACAAGATGAAGGGTTCGATTGGATTATTATGACACCAGGTGTTGGTTTGGATGACACTGGTGATGCTCTAGGCCAACAATATCGAACAGTGAGTCAAGTATTTTCCACTGGCACTGACATCATAATCGTAGGTCGTGGTTTGTTTGGCAAGGGCAGAGATCCCTTAAAAGAAGGTGAACGGTATAGAAAAGCTGGGTGGGAAGCTTACCAAAATATTCTGAGGTAAATTACAAGTATGTACAGGGGATCAATTGTTTCGGGCGATTCAACTGAATCGATCTTCAATTTCATCGCTCAATTTTTGACGCAGTATTTCAAACACCAGAAGCCCCACGGATGTTGCTGGAATGGTAGTTAACGCATTCCTAACGAACCCTTTATAAAACCAGCGGGTCCAAGATAGTTTAGACTTCTCATGTAAGCTCACCAACTGGTGGAATGTATCTAAGTATGATCGGTAATATAGACGGAATTTACTTTTCTTATCCCAGGAGTTCTCGTTGAAAATATCCAACGCTTCCAACCTTGCTAAATGTATTGACTGAACTTTAGAAAATGGGTATTGAACGGCTAGTAACGAACATGCAGCGCTAGCACCAGCCAAAAGAATAAAAGTCGTCCTCAGGATATTTTCACTTTTCGTTTTCACTGTGTCACCTTGGGGCCTTCCAAGAAGACTATTTTTCATCCTATCAATTCTCTCCATAGTGTTCTCGGTTATCCTGTAACCTCTATTCTTAATGGCTTCGAATGTTGTGAAATATATAGCAAAGGATGTGCTTTCTTTGACCAGACTCAAGGAGTAGCCAGCAAATACCCCCAGAAAACCACTAGTTTTTAGTTTATGAAGACCGTAAATCCATAAGTTGTCATTCTTGCCCCCAATAATCTCGGAGGCATTAGATCGGGCATATATTGCATCAATTGGGGCAGCTACCAATGACTGCGCAGCTCCAGCTAGAAACCCAGCTCGAAATACATCCACTAGTCTTGGATTTGCTATCGATCTGCCCTCTTGACCGTCAGTATATGACTGCAAACATGATAAATACGTTGTGTAAAGTACAATTCCCATCACAGAATTGGCTACCAATGGTGGCAGGACCTTGTTTGGTATCAACTCCCAACCATGGGTTTTGACGGCTCGTAACAATAGAGCTGGATTTGAGTGGGAAAATGGGCTGTAAGGTTTACCTTTCAAATGAGCTCCAAAGAAGATGCGTATTGGTGCCATGTAGTCAAAACGAGTGGGACGAAACAGTTTGGCTGGTGTCCTCAGGTACAGTGAACTAAATTGGACTAGAACAGCTCTGATCCCAGCTGTCGAAGCAGACACCACTTGAGTGTTTTTGTTGCTAAGAGTAGCCTTTTTAGAATCATCGTTGTCTTCCATAGGTTTCTGGAACACAATGCCAGAGTTCATAGAGGATCAGAGGGGAATTGAGGTGTGTGTATATGTATTTATAGGGGTACCTTACCCTGGACTTTCACGTATTCATGTCTATCTATCGTCGCGAAAACGGTTACTATGAAGAAATTGATTACCTCATCAATATCAGATCGATCTCCTTGAGTAGTTGGAGTAACTGAAATCGATTCAAATGGCGGAAAAATTTTGGAGAATGGGTTTAGACCCTTTCTTCTAGACTCGAGGACCCAATTTATTGACAGCGAACATAATTTACAATTGACACCAAAGGACAGTTTAGACTCTTTTTCTTTTGCTGCCATAATTTCAAACGGAGTTGTAAGAACACCAAAATATTTGGAAGCGTTGGCGTTGGGTTGGCCTGTATTAGGGCATGAATTTATTGGTGATTGCTTAAAGGATTCCAAAACTTTTTCTAGGTGGAAAGCATATCTTTTGCCTGCAGGAAAGACCAAACTGGTATCAGGGTTGAAGAGTATAGAGATTTCCCGCTTTATAAACAACTTTGAGGCTGGAAAAAGCTTAGTCTCCCAGTTGCGGGCAAATAATTACAAAATGAACGGCATGAGACTCTTAGTCATCCAGGATGGTGACCAGGTGAAAGCCGGTGTGGTTGAATTTCTAGCTTATTGTTTTGGTGTTAAATCGTTGGACAAACCTGCCAACTACGAGGAAGCTTTGAGCATCATAGAAAAATACCACCCCTCTAATGGAAGGGAAGATAAATGTGAATGTGCCTTGTATGACGACAAGACCATCAAGGAGATAACTGGAGCACTCAATTTGGCATACGATAAAATTGACAATCAAACCCCTAACGATCAAACAGAAGAGCTTGCTTCCGGGGCGACCACAAAGAAGAGGGGGATTGACTCGCAAGATTTGATTACCACCCGACGACGACGGACAGTTAAGAAAATCAATTATAATGAAGACAGTGACGATGAACCAGAAATAAAATCAAAAAGGTCAAAAAGCGTTTCGAAGCTTCAAGCAAGAAACTTGCCCGAATCTAAAAGGACTAGGATTCAGCTTCTTAATTGGGAATGGATGACCGAAGTGATTGTATCTGGAGAAGTATGGCCCCCCAGTGGGAACTATAATTGATTAACTTCATATATATATATATGTAATTTTGAATCATGACATTTTACTTATTACTTTCTATTCAATTAATTTACAGTAGTAGACAGCTCACAGTCAACAGACTGGCCAATGATGTAAAGAAACACAAAACTAAAGAAGATCCTGAGGACGATGAGTTCGATCCTTCAGCCTGTGAAGGTGATGCACTGAATGATTCAGCAACTGCAGTTCCGGAAAAGGGGTAAGGCTCTGAATAAATAGAACCATTGGAAATGAATGCTGTTGCTATGTTAGGATTGAGTTCGTCCACTTCGGAATTGGTGTATATTGTTAGAGTCAGCGTTGAATAATCAGTTAAATTATTCCCTAGAGCTCCTGGTATGCTATCTGTTTCGATGGTAGCTATGCCTGATGTTTGCTCGGTTTGAGTTCCTGAAGAAGTTATGGTTGAAGAATTTCTAGACGAGCTGTTAGTGACTGAACTTGATGATATTGCAGACTCTTCCCTTTTGTCAAAATTGGCTGTACTAGTCTCATCTAGTGTGGACGGTCTCTCCGATGTTCTTGAAGTTGAAACAGGTGGAGGAACATAAACTCCCATTGATTCCGAAACAGAAACGTTCGAAGCGGGAGGAATGCTATCTCTATTAAGATTGGCAACGGCGACCTTTTTTGAATCATGATTAACGGCAACCACTGCATTCCTTAAAAAGGGGGTTCCTAGCAGTGGATAACCAATGTAAACATCAGGAGCCATGGCAAGAATACAAACATCTTCTCCATTAGCAAAGCTCAGCCTTTTGTCTCCTTGGTATGCTGGATAAATCAACTCCTTGATAGGAGCATGAACGGTAAGGTTACCCATGTGAAAGTTTAAAGTTGCGTCCAGTTGACCAACAGAACAGTTCACGGCCCATTTATGAAGTGTATCAAGATACAGTGCATTAAGCTGCACTGCTATATGTATGATTGAAGAGAATGGAAGATGGATAAAGATGTTTCTTGAATCTAACATCATTGGAAGTGGGTATGTTCCCGTTAAGACCGTGTTGTTCCACTCATTGGGGAAAAAGACAGTTCTCTGTTTGTCATTCGAAGACATGCTTAATCCGCTGATCGGAACTGTAGGGAATGTATCTTCCCAATCGAATCCAAAAACTCCATTGGGATCTGACACCGGAATAAAATCGAATTCTACCAGAGGCTCGACATACTTGGTAGAGTTTATTGTCCCCAAATAGAGCTCTCCATATGAAGAATCGATTTCGTTTAATGCCAATGAAAACGAGTTGGATTCAATAAGACCACCGCTTTGGAGTCTTTGTAAGAAAGTTGGCACGTCCTGTGAGGTGTAACTCCCCAACGCCAAAGACCCCACAGCGGCGCTACTATTGTGGGCATTCAAAAATTTCAGATCTGTAGCAGTCATTCTTGCTCCATTATTCAATGTGACGTAAAAATTGTCTTCCATATAAACGCCATCAGCAAATAAGTTGTTTGTAAGATTTACTCTCTCGGCCGATGCCTCATCTGTATTGTTTACAGTTGTGTTTGCGTAGACATCAACGAAATCTGCAGTTGGACTATTGGAAGCATCGTAAACGTTTTGAGCAGAATTGAAACACAGGGAAGACGAAACATTTGAGCCATTACAGGAGTAGTAGCTACTATCCAGAGTCCAAGAGAGACCTTGGTTAATATCCAAACGCAACCAGAACTCTTCATCTGAACGTGGAACTCCAGCCATAGTATCATAAAACATACCAGCGTTGCTTCGCAGCTTAACAAAATTAGCCGACGAAAAGCATATCAGAGACAAAACCAACAACGCCTGGTACATGCTTTTCGGCCTGGTCTGGGATTAATCAAGGGAACAAGTCACTATAAATTTTTGATGACAAATATTGCAATTCGAGGGGTTATGCGAGCCTAAGAAAAGAATGAGGGAAATACGATCACTGAAAAATTCAGGTCATGCAAGGATCAAGAAAAAACTCCAGAGTAAACGTACATGAGATCTCTTCTAATCGTTCAATCGTTCAATTCATCATTTACACAACTAAAATGTAAGATCAGGTTGGCTAAGCCACGAAACATGCATGTTTGGATGAAATAATGGATCTTGGCCTAAGTGAGCAGGCTTGGCGCGCTCTGGCCTTGAATCAGGGAGCTGCCGATGTTGTTGTAATAGGGCAATATACGCATTTTCTCCATCCAATGCAGGAAAATCATCATCGCCTATTGGCATAGCTAGTGGTACAGAATTCTCAAAGTTTTGGGGAATCTGCTGAAAGTTAGTTTGAAAGTTTACCTGTTTCTGGGAGTCGCTCTGAGACACCTGTGAATCTGCCTGGGACTTCATGTAAATCTGTGCCTGCACCTGTGCTTGCACCTGTCCACCAAAAGGATCAACAACTGAGTGCAAACTTGACTCTCTTGCCGTCCAAGACCTCCCAAACATTTCCCCATTGGAATTTGGATGGGCGAATAACGACCGATCCACTGGGTGTCCAATGGGATTTATCGCTTCATCTAAAGACTGAGAGCTAGAATCGTTAGTTGAGCCTGCAAGCGATTCCCCACTCGTATGTCCGCTTAAAGAGTCACTAGCAGAGGAGTGATCACTTAAGTCGTGTATCGAAGAAGTTCGGCTTGCATTTTCTGAGTTTTCAGTCCATGTGTTCGTGGAGCCAGACTCACCAAGTAGATGTGTCACATCCTCCAACTTGGGGGCTGAAACTACTTCTCCATCCATAACTAGTTTGAGCATTGGATTTTCGTTGACACCGTTGTTAGCGACATTCAATAGAGATGACTGCTTTCCTGTTTTCTTTCGATTTCGTGTCATGATACGACTACTGTAACCTTCTGGAAGACCTCGACAGACACCCTTCTCGATATGCCTCTCAACCCAGATTTCATTGTTCTGAAAGCTCTGACCACATGATCCACACCACCCCATCATACCAGTTCGATCAGCGCATTTCACACCTTTAGGGTACTTGAAGTGCATAGCTTTCAAATGTACCTTGTAGGTATCACGTCTGGAAAAACCCTCACCTAAACTGCATTTGCCATGGCCTGATTCATAGAAAGGACAATGATAAGCCTTACGTTGTGAATGCTTCTTGGAATGCCGCGTTAAGTATCCACGAAACTTAAATTTAGAAGGACATTCGGAGCAATGGTAGTAGGTTTCTCCATTGGTAACTGAAGTCACTACACTAGAGACACGCTTTCTTCTGTTCCTTTTATGAATGTTAAGCTCCTTGGACGATTCGGCCAAAGAACTGTGATCCTGACTACCATCCTTCGAATTACTTGAGCTTGGAAGGTTTTGTTGATGTTGCTGATGCTGGTGTTCTTGCTCTTGTTCCTGTAGTTGTTGTTGTTCTTGTTTGTGTTGTTGTTGTTCTTCTTTAACTAAAAACGGGGTGCCAAACATTAGGTGAACATCAGAGTCCTGAGTACTATCGGCCATAAATGGCGATAACGACTCACTTAAACCATCCTCCATCAAACTGGGAGACTTCTCTGCACTTTCGTTATCCTCAACAAATTTCCATTCCATTTCTCCGTTTGAGTTTTTGAAGGGAACTAACTTGGTGTTGAAAGTCAAGGAACATGGATGAACGTTCTTGAAAACCTTTATTTGGGTGATACGTTGTTGACTTTCTGGAAATAAAGATTTTTTGTCATCCAACTCGTGTGATTCCTCACTGTCTGACGAGATTTTTCTGGTAGGTGGCAACACATGATTTAGCCCATCAGACAGTAAAGTGAGTAAGGGGAAAAAAGACGCTAGCACATTCCAGTAATATCGAAACCGCAGTTGCACAAGTTTGAAGAAACTTATGAAAATACTTGACATTTTGTACAGCCTCAATAAAAAAAAAGGAAAAAGGGCAACGATCAATTATTGGGGGCAGAAGTTTTAGTACAACGCAAATGCTTGTTGTCGCGACTAATATGGAAGATAAGGTTTAGATTGGTACAGAATAGGCAACTATTTCCTAATTAACTTCTACTTGGTCATTTTCCAATTACCCATTTGGATTTCGACGGTGCACGCCGGAGAACCTATCCGATCTCCACTTTTCTGGGGAGGGAGCCGTCCATGCGATAGACCACTGAACTGTTATTAAGCTGATTTGCATTCAGTAGGCAAATACCACGGCCATTGGAGCTGGGACCTAACCATGCGGGTCGATGTTATTCTAATCAGTGCTGGTTCATTCGTTTACCTCTTCCAGTTCCACATCTGTAAGAGTGGGTACTGTTGAACTCTCAGTCAATCTGTAATAATTGTACCACAATATGTCAAGTAGCGTAATCAGTAGGCCGACTCCGTTGATCAGACTGAGTGAATCGCCAAAGACCAGGTGACCTAAGAGTATCGTGAGTAGTTCCTTAAAGATCCCTGCAATTGACAGAGTCAACAGAGAGGCATAACTTAGTAAGATAAACTCACTTAAAGTCATCAAAAATGCTAAGATGCCTGGAATCACTAGGAGACAAAGCGTGACTGGCACACCCTTGATATCCCAGACTTTTGAAGCAGCAAACGAACCAAACCCTTCCAGAAATCCTCCCGTAATGAACAAAGCAATGCTCATAGCAGGAGATAAGTAGAATATGGTTAATATCGGATTCTGGGTATGGGAATGTCTTTTGAGTAATAATTGAGTTAAGGCCCAACGCAATCCGGACATAACAGCAGAAATCAGGACTAAAGAACATCCAATGAAGATATGGGTAGGTCTGTTGTCACCATCTTTGGAATCATGGCCATAGACCATCATCACCACCCCACCTGTCATAATTGCCACAATAAGCACCAATCTGGTCGAAAGGGTTTCAAGCTTGAAAGCTACTCCCCAGAGGAGCACAAAAACTAAACTCGAAGACTTGACCATGGTGTACAATGAGAGGGTGATAAATCGAAACGAAGAGTTACCTGCGCCAATATCAGCTGCTGAGGCTAATGCACAAGGCAGGATAGTACGAACGTACATTTGCCAGGGCATGGAATATGACAGTTTGGAGTCATGAGCCAGACGAAATTGTGGTGTTAATAAGAGGCATGACCCACTGAGAATAAACAGGACCATCTGGTGCAAACTTGTTATGATGACTGGAAATTCAAATCCAAGGTCGGGCCCAAACATCCACTTGTTATATAGTGAGATTGACAATGAAAAGAGGTACCATGCTAAGATAGAAAAAACTATGGGGTTGCTGTTGGCAGGAAACAAATGTGTTAAGGCCATTATTGGTTCTGAAAATTTGTGAACAGGGATAATTGATGCAAGATCTAATGATGGGGAGGTTTTCTAGCGGGTTGAATCGAGTGAATATTGAAATGTTAGGTGTCTAGCTCCATCAGTAATCTTCGCCTTCTTTGTAGATGTGTTGTTAATTCAGAACAAACAACTGAGAAATGAGTTTAGGGATTTCACTTTTAGGCGTATATTGCGCGAGGAAGGCCCCCCCCTGGATATCGATCAAAATTTTATTTATTTAGCTATTTAATCACTTTCCTCTTCAGCCTCGCGTAACCACTGGACCCATTTGCCAGCAGGGGCTTTTACTTCTATTAGCTCTTCGCTTGCGTTTGATTCTGGAGCATCCCACCAAGCATAGATCTGATCTTCTTCTACAATATCCTCGTCGTAGAGGATATATAGAGCTCGCATCAAGATACTGGCTGCGTCAGATCTGTTCTCCAATTCAAGGCATTGTTGTTGCAAGACATTCAGAAGATCGATTTGCTCTTCAGTTTCAAACACTTGTCTGCGGAATAGCAGGCCCCATTTTCTAAAGATCTTGTTGGTTGCCTCCGTCAAAGATAGAGTCTGCGTAGCAACAAAATGTTCGATTCTTGCCAGTAAAGCCTTTGTAGTAGCCAGTCTTAGCTCATGATAGGAAACATTCATAGACATACGGAGAGTATTGAGCTCTAGTAATGCGGTATCTAGATCATGGTTGTTCTCCATTGATCTGGTCACTGTGGCCATGGCTTCTTTGTCAAAATCATCTTCATCTCTGAGACCATCGGCATCACTGTCAAATTCCGAGTAGTAACTAGTTGTAGATAACGTTCTACCCTTACGACGAGACCCGGTACCTGGTAACGAAGTAATTGAAGTGTCTGAGAGATCAAAAAGACCGTCGTCGTGGGCCGCAGATTCGGAGAATTTTAATTGTGGCATCTTAGATTCAGATGCTGCCACTTCAGCACCGGCAGGTACTTCTTCATTGAATCCAACAATTGCTCCAGGAAGAAGCTTGGCTCCAGCACGGATTATTGCCCCAGAAGCTACTACTGCCCCGGTGGCTTCTACGCCATTTTCTAAAACGACATCATCCCAAATATACGAGTTCTTCAGTTGGACACCTTCACCGATACGAACATTTTTTCCGACACAGGAACAGACAATATTCGTCTCGGCTCCAACAAATGAGCCTCCGCCAATGACTACGCACCGCTGTAGCCTAGATGTCTGTGCCAGTATTACATCATTTTCTTTGTAGATGTGTTCACCCACGTGAATGTAGGAAGTTCCATCAATTACGTTTGACTCTGGGGCCACAGGGTAAGTCCAGCGCTCCATAATATCCTGAGATATTGCATGATATGTGGACCAACTCTCAACCCTTGCGGCGTATTGGTTAGTGATGTGTGCGTAAACGGTTTTTTGTAAAATATCTGATGCCAATATTCCACGGACAAAGTCATTACGTAGTTCTTGATAATCAAAATTTTCCTGGAATATTAGTGGTACCTGAGGGGCACAAATGTCGACATGGCAATCGACTAGGTCATTTCTGATCTCAAACTTGTCAATGCCAGTTAGAAGCTCCGGGTCTATAGAAACTGCTTTCTTTGCACCCCCAATTTGTTCATAGTATAAGCATTTTCCAGTGGCTCTGTCTACCATGAAAGTAGCCGGTTCAGTGTTAGATCTGGATCTGTGATAGGGGGACGCTTCCATCAAAACCATTGTTAACATATGGTCTTTATCCTGGGATCTGCGTTGTCTATGAGTCTTGAGCACTGGCTCCAAAGACATATTTGTAACGACGTCACCGCTGATCAGTACAAAATCTCCCGTTATTAGTCCTCGGTTATCTAAGTCTCGCATTGCATCACCGACCGATCTGGACTCCAATGAGAGCACAGTTTGAACCTTGAAAGGTGAATTTCTTTGGCTCCACTTTGATTTTTCCAAATAATCTTGAATTTGTGAAGCATGCGATCTGCACATTACATATACTTCATCAACACCTGAATTTGCTAAAAACTCCAATGTGTACTCTATGAGAGGGACGTTAGCCAAAGGAAGCAAACATCTGGGGCTTTGCGAGGAGACTGGTTCAAATCTTGTTTGATAGGAATCCGTCAGTATAATGGCCTGCAAACGTTCATCCTGAACTATCTCCTTTTGTTTCTTGTTCTTTGGAGGCATTAATACTGTGAGAAGAGTAAAAATCTAACTGAACATTTTCAGCATGCAATTCTCCTAAAAAAAATCAATGATGGATGCTGGATGGCAAGAAGTTTTTATAGTATCACTCGAGGATTCAAGATATCTCATTGACAGTTAGAGCACCGCCTGACACTTGAAGTCAGAAAGTCTCAGAATAATACCACCATTCTCTGTCTGCTTAGATTCCAGTTTTGTTGAAGTTGTTACTACAATAGCTACTTTATTCTATACTTGGTTTATTTTGAGACGAGAACTTTCAGCTCCAGTTTCGGGAAAATTGAAGACTTAATTCCTTAGGGTCCATGTCAAAGCGGTGTAGAACTTTGTTCTGGTCGAATAACTTCTTTTCGTTGAACTGCCTAATAGGCTGCCGTAACTCCTTATCCACTTTTTGAGGCCTAAACTCTAATAATTTTTCTTCTAAAACGCCATATCGAGAAATGAGAAACTCTTTGAACTGTTCCAAAGTCAAGAAAGCCGTAACTAAAAAACTCAGTCCTCGCCATGATAATCCTTCACCGTCATGCTCATTCTCCTGGTTATCAATTTCTGCGGAAAGGGGTGCACCTTGTTTACTAAGCAACCCATCTATACCTCGTATTATCAGGTAAACTTCCTCTAATGTGATAAAACTAACATTTGCTAAATTCAAGACAACGAAGCAGACATAATCTCGATAGGCTTGGGAATCACTTTCTGTTAAAATTCTTACATCGTTGATAAAAGACCGTAAAAGATTAGAAAAGAATTTTCTTCGGGAACTTTTATTGTCGCCCAAGATTGTTAAAAACAAGGGCAGAAAAAATGTCTCTTTCCACATATCCTTAGAATGGGCTTTGCGGTATTCAGTTGCCATTCTGACACCCTCTACGTAGCTTGATTCTATCAGGCTTTCGTGTTTGTTGTGCAGCTCACGGTGTATCTGAAGAGCAAGACTCCTTATAGTCCTGTTGGAAGAAGACTCTAAGCAAACAATTGTAGAAATACAAACTTTTGGGTTTGCCATACCCAATCTGACAACAAAGTCGATAAATCTAACTGGCAGCAAAGAGTAGTATCCTTCATCAAAGATGCACATTTTCAGAATGTAAGGCATATACTTGTGAACCAATGAGACACCCAGACTCTCATTCACAAATGACGGTGATTTTCCATGAAACACTTCTACATCCAAGGATATCTGCTTTGAGTTTTTGTTAGAATGATCTGAATTGTTAATGCTAGTTTCTTCATGCTGGCTCAGGAACTCAAAAATCCCTTGTATAATCACTTCTTTAGTATCCACGTAGTCAGACTGTAATTCTTCATCCATGATTGTCACCAAGGGTTTAGAGAGGAAGAACTTGGGATGCGTTACACATAATTCCATTAGATTTCGAATCGCAATTCGACGTATTTTACGGCTCATCGGAGGCTTCGTAAAAAGTAACAGTGAACGCACAAATACACTAACTACTGGCTCGTTAGGTTGTATGGTGATATTATTCTTTTCAAATAAGTCACGATACGTCTCAAAGTAGCAGCATCTTCCAAATGATCCTGCAAGGTAAAGCAATCTGGTTAGCTTTGCATTCAAGTCTCCCTCATGGTTAGAATTAACAAATGGTCGTAAAAGACGCAAGCACGATATAGCAGCATTGACGTATCTAGTATCGTTTTGAAGTTTGCTAAGGTAGTAAACTGTCGGCATCGCCTCAAACAGCTCTTTGACATTGAACTTGGTGAGTTTCTCCAATAACAGGGTTAAGCACTCATAAGTAAAAGAAGAAGCCAGATTTTTCATTAATGGAAGGGAGTGTTTAAACAGTTTAAGCGTGTAATAACAAGTAACAGTATTCGAATGTTCATCCAAGTAAGGTTTCAAAAACACAAGCTGGTCTTGGTTCAAAATTTCCCCATTGATCAAGACTAAAGTTGAAGTTAAGCACATCATATGCTCCGCCTTCCCATTGCCTTCGTTTTCAACAATAGATTCCAAGGAGCTATCTGCAATTGCTTTGATGGATCTGAGTACCATTCTTGAAGAATTAGTATCATTATTTTTTTCATCGTTCAAAAAAGACCTTATAAACTCCACAAAGCTGTCCTTATTCTTATTACTCCTGGCCAGAAGCTGTGCCATTATTTCGACCCTCGCATGAACACCCAATCTATATGCTGCGGGATTGTCCTCATTATTCATTACGTCCAGAGAGTAGAACCATAGTTCTAAAAGTGTTTCCCCAGCAAGCATGACCATCGATTCCTCTTCATCCTCCAGTAGCTTTAAGGCACCTTCAGCAATTTGTACCTGAATAGATACATCTTGTGTGACTATATACATGGATTTGAGACACTTAAGAGCACCTTTCCTCACAGAGATACTCTCATCAAAAAGTTTGTCCAGAATCAGTAGATAGAAGTCAGTCAAATAGGGCTCTTTGTCAATATATTTAGAGGCTTCTTGAATAATCCAATTGTTTATGATAGGCGAACTGTCCCGAAGACCTTTAATAAAGATCTTTTTAACTGTGGAATAGTCTAAAACTTCTCTTGAAAGGAGAAGAGAAACCGTTTTCATAGCTTTAAGACGAGTTTTAGGCTTTTTGCTGTCCAAATTGTTAAGCATCATAACCAAAAATCGATCGTACAATTGTAGCAAACTTTGGGAGTTCAACACTTCATCATATAAGCTGTAAATATTAACGTCAACGTCAGGCGGAGCTTTCCCAGTAGAATTACTGAAATCAAGCTTTGATAGAGTATCTTCTGGGCTCGGAGAACTGACAATACAGTTGACCAGTATTGTGGTAGCAGCACTCCAGTCCAGTTGTAGCAAAAGGTTGGGTAGCATTGATAGGTCAAAACTTTTTTCTCTATTTTCAAAATTCAACTTCTCATTCAAAGACTTGGCAATCAGCCCGGCAATAAGAATTGAAATGTCGTTATCACTAGACTCACTTAAACCTTTCATAAACCTTTTGATTAGAAGAGAAGCTCCAGGAAAATGTGGGTCGGAAAGTACTTGTAGCACGTCTTGAATCAGATATTCAAGTTTACTCCTCAACTTTGGATGGTCCACTACACGTTCCATCAAAGTTGCAAATACTATTTGTAGAATATTCTGAATTTCATCGTGAACTTTAGTCACTTCAGACAAACTAAGCTGCCTAAAATCAAGAGTTTCAACTTGAATCATTCTAATAAGGGTGACAGTGAAAACATCTAGTATTACACTCTGCACCCTGTATACTTTGGAGTTTCTCTCATCTAGTTTGTGTATTGCATAGCAGAATTCTGTGAGAATAAACTCTCTCTGATCTGGGAAAAACCTGAAAATAGATAGTAGTAGGTCGGAGGCAGCAACTTTCAAAGGGCTAAATCGTGAGTAGTCCATTAGAAGATTTTTCCTCTTATGATCAGTATGATGAGTTATGATTGTGATGCAAACGTACTCGAGTCTGGTGAAAAGATAGTCATCAAGCCTATGATTGACGCAGTATATTGAAAGTGCCACTATTGATTGTTTGCATAACTCAAAAATCAGACTAAAGCTATCTGTAGTCACTGTAGATTCGCCGATGGATAGTGTACTTAGAGGTTCAATAATGTCTTCATACTTGGTACAAAAAAATGTCACTAAACTTTTGAGACAAGTATCCAAGTGCAAAAGTTTGTCGTTATCCAGGTTTAAAATAGTTAAATTGATTAGAAGACAATAAAAACCTTTGAATGTCAAGTCCCAGTCTTGTTCATTCTCTAATGATTCTGTTATTAGTTGTAGAGTTGCCTTTTGAACGTTTCTTAATACCTGAGTATCTAGTTTCAGTTCTGCACGATTTGTATCTAATTGATACAAGAGATCCATTATTCTCAGTAAATGATGGTGTTCCAGATGTTCCTCCAAAACGATCTCTTGTAAAGTAGAAATGATCTCCTGTGTATATTTTTCATTCTCCTGATCCGGTTGAAAAATCAAGGAACTAGAGCTTGCAGCAATTGTATCTTCCGTGGCTGTCTTTAGCTCAAGCAAGGGCTTTTTAGTGAAATAGAGCTCTTTTACGTCAATAGGTTCAACGTTCATTTTGAGTCTCTTCACCTTCAATTTGGGTTTCACTATTTTAGGGCTGGAACTCCGATTATACGTCTGCAAAACCTGCCTAATAAGCAAATTATCACGATGAGGCTGTCCAGAGTTGCAATTAAGCTCTCTTGATTTGACTATAGGTTTCCTAAAGCGCAATCCTTCCAATTGTGGATCCATATCTTGAATCCGATGGGCTGTCGTCTGGAGAACTGAGTCCTCACATTCGCATGAGAAGTGACTAACAGAAGGCCCCCCTATATCCACTTGATAGGGGCTCGCCAGCGATACCATATCCTGAAGAGCAACTAGTGGCACAGGATAGTTCACCAATACTGATGGCAAATCCATGGAGGCACACAGGAGTGGATTTGATATCAGCAGGTAACGGTGTCGAGCGACAGAGGTGCGCAGATCAGACTCACCTTCAAGAAAATGCCCTCTGGGCGGAAACCTTGTTCCCTCGAAGATTTCAATCACCTCCTATAACCCCACCATTATCAGTCATGAGCTGTAGAGTTTTCGTTCCTTACGGAATAACAGAGACTGATCCCAAATTGATCAGCAAATCTAACAAAGAAAAGGAGGGTCCATGGTTTATTGAGAATATAATTTTGAGACAAATTCCATCAATTCAGGAGACACTGGTATCCTGTAAAGATATGATAGTTGATGAGAGCAACGAGATAAAGTTACCTATTTCATCCAGAAACTCTGATGTAATCAAAGGAGTTATTATCAGAAAACAGTGTGAGATAGTAGGAATCAACTTGATTTTGAAGGGCTTTCCCGTTAAGCATTTGGAGTTGAAAGCTAATGAGAGAGTTGTTATTCCTCAGTTGAATGACGGAGTGCATGAAATCGATCAGGCATTGATTAGTATCGACCGTTTGTTTCAACTTTATAGTGATGGAACTCACTTTGAACGCTACTTGGATGTTTTAACTGAGTTTCATGGACATATCAAACTAGCTAAGGATAGCTTGAAACTGCCATCACCAGATTATTTGTTCCCTCGATACAGAAACGTAAAAGCTTTGGAGCCAGAACTTCCAGTTAGCATGTCCTTAGACTTTTACATCAATAATGGAGATATATGTCTGGAAATCAACAAGTTGCATCAATCCCACGCCGTCCCTTGGAGCATTATTGTCAACAAGACCAAAAGACAAAGTTTTGTTGATGTTGTCAGAACTCAAATTAGCAAAAATCGGGAAGACTCCATAAATGAGATTGTAGACATGGAGTACAAGAAGCTACTAAGGTGGCTTGATAGTGAGAGTGGCACTGCTATCGAAGATGACAATAATCATCACAAGAAGTCATTACAGGGAAGAGGTGTTGGCGGAGTGCTTAGCGGTCTTTTCTTCAATGGAGGGTCCAGTTTCAGAAATTGCAATAAGTATTTGCAGAATTATTTGACGTATTTGGACAACGATAACCAACCAATTGTTGTTATGGTGGAGGAAAAGTTTGAAGTTCTGAGCTCAGACCCTATCCTTATTAGTACAAGTACAAAGTTGGAGACCCTGGAGCGCGTAGTTGAAAAGATGATAGAAAATTTCCAGGTGGTCAACTATAAAGATAACAGATAAGATTTGCAGGCAAACCAAGAAAGAGCAGTATTTGGCTGGATCAAAGCCTATTGGTTTGTTTTTCACGTTGAGGCCACTGAGTGTTGAGTATACGGTGTGAATTGACACTAATAAACAATTGAGGAACTGAGAAAAGGAAATTGACAAAATAGGAGATATGGGAAGCCAAGTGTTTGATTCATGAATATTGTTCGTCAACGCAAAGTATTCATGTATTCATCTATTTCGAACAATGTCCTTCAATGAATTGCAAAATATTCACTTATTCTTGTCGTTCAGCCTTTCCTCCGAAACAGTTTTGAAGCAGATAATTTACATTAATAGTACAAAATAAATATCCAATACAGATTAAACATCTCGTTTGTCAAACAAACTCGACTACATGACCTCAATCTTCTCTAATTTCCTCTGTATGTTTGTTTTCTTGCAAGCTGTTCCTCTCCTGCACTTGATATTCTAGCTGCCGCCTTTTAGATCGAAGTAGCTCCAATCTGGAAGGAATGCCCGATGATAATCTTTTTTTCCTCAACGAACTAACATTCTCTAGTCGAATTTTGTTTAATTCACACTTTCGTATCAGGCTGTTACGTTTTCTTTCAAGCTTGACCAATTCATGGTCCAGTCGATTGAGTAGCAGAACGATATTCGGCTCTACCGAATGTCGCAGAGTTTTTTTTGATTGCAGTACATCTGCTTCTGGGATCAACCCAAATACCCTGTTGGTCTTGAGAATGGTAGATAACTTGGGAAAAGAGGTAGTCGCCCGACTCAAGACTTCCGTTGAAGAATCCAAGAGCTCAACGGAAGCCTCTAACGAGTTGATACAGCTTTCCAGAAACATCAATAGGGCTCAATGATCAATCTTTAGGCGTGATAAGGAACACTCTGTATTTACTTGAAGCGCGTATCGAGAAGAGAAAACATAAGGTAAGGATGTTTGTAACACCAAATCTAGAAGTATAACAGTTCTACAATTGCCAATACAACTTCACCAATTGATCATATATACGTTGATGACCAGAATGTAAACAGTTTCCCATAAACACAAAAGAAATCGGCTGGCTGAGGAAACAAAAAATATGGGGCTTTTTATAGTCTTGAGATGGCACCGCCTGGCGAAGTTTCCGTTCTGCCAGTGAGAATCTCCACACCATCTTCCGTAACCAAAAGGGTATGTTCAAATTGGGCACTTGGTCCTCCATCAGCGGTAACGGCGGTCCAGTTGTCGGGCCAAACCACGTCACGATGAGTGCCCAGAGTCAACATTGGTTCGATAGTGAATACCACTCCTGGTTTGGCTACTCCAACAGCTTTGTTACGAGCGTAATGCGGAATGGTTGGTTCAGTGTGGAACAAAGTATTGATACCATGACCAGTGTAAGAACGAACAGTTTCACAGCCTCTTTCAGTCACATAGTTTTCGATAACAGTACCAATTTGACGGAACGGCATGCCGGGTTTCACTAAACGGATAGCTTCAGCAAGAGCTTCTCTGGTTGTCTCGACGAGGTTGACCAGATCTTTGTTAGTCTTGGCCTTCTCTCCAACATAGTACGTTTCATTCAGATCTGCATGAAATCCATCTTTATAAAGGGTAACATCCAGGTTCACGATGTCACCATCCTGGAGCGGTCTACGATCAGGTATACCGTGGCAGATGACTTCATTAACGGATGTGCAAACAGATTTGGGAAAATTGAAGTAATTTAAAGGGGAGGGGTATGCTTCTCTCTTGATTGTTTCACTATGAACGATTTCATCTATCTCATCAGTGGTAACTCCTGGTTTGATAGATGCAGCCGCAGCATCTAGAACCTCTCGTGCTAAACGGCAAACATTTTTTAGCTTGGCCAGGTCTTCTGGCTCCGTTACCAAATTGATCTTGTTCATTCTGTTATTTTTGATTTCTGAGACTGGTACTCCATCAAGAGCATAATCTGGGAGAGTAATGTTCTCTGGAACCTCTCGTCTCACAGACAAGGGATATGCTGGTCTGAGCTCACCGGTGTAGGCAAAGTTGGGAAAGGGGTTGTACGAACCATCTATATCACCATCTTTGGCGTGAACCGCTTTGTGGATCTTCCATCCATTCTTGAAACATTTTTGGTTACAAAAATATTGGATCTGACCTTGTTTTAGACACAAGGGACATTTTAAGGTAGATTCAGTCGCTTTTGAGCACTCAGCACTAGCACAGCTGTGAATCATGAAGTTTTTTTTCTGAGGTAGAATTGATTTCTTTAGCGCGAGCTCTTCACCAGAGACCATGGCCGCAAAAACGACAGTACACCAAGGAAGTTGAAGAAGCAACCTCTTCAAGCGACATATAAAAGGATTACAGCTCAGTAGAGATCTTAAATTCTTCCTCTTTACTCAAGTTTTTTACTACAATATGAATGTGTGGTACCGCTTTTATACTCTGTAACGCTCCCCAATTACGGAACCATATTAGTCGGGATCGATCTATGCCAACTCTTAAAACAAACAACTCGGTTATCAATGCATCTAATCTTTTCCTGGTTTCCTCCGAAATATCTCCCAGTGGTGAATGAGGATCTGGAGGGATCTCAGTTTTCAGCCAAGCTACCAAGTGAACCAAATCCGGTGTAAAAAAGTAAGGAAACTGATTACGTTCTACATGGTAGGGTCGAGACGACTCTCCAAAGTAGTTTCCGTCATCTCCCTTGTGCCACTTCAATTTTTGAAGCACATAGTTCTCAACAGAACTGCCTTGATAAATGAGATGTTGTTTGTGCATGTCGTAGCATTTCTTGCAATCGCGTGATCGATAAAGCTTGTCAATATCATTTCTATTTACTATTTCAATTAGTTGATCCCAGGATATAGGCAAAGAACCAATCATGGAAGGTGTCGGTGATGATGAGTTTGAAATAAAGAGAGTAAGTCAGGTTCCAATTTCTCGAAGTCAGTTAGTTAGCCCGCCGGAAGGAGGTTTGGAGGGATTGAGTTTGTGCGGCGAATCCTTCAAATCTGCCCCCTAGGATGATCCTGGAAAGGAGATTCATCACTACCTCGTTTTTTAAATCTTTCTTCCTCTCTTCCCTGACCATCTCCTTACAGCTATCCCACAATGTCGGAAGTTCAAATTGCCCCTAAAGAAGTCATATACTGTGAAGTTTGCTCATTTCCTCCGGAGTACTGCGAATTTGGTGGAACGTTCAACAAATGTAAAGCATGGTTGGAAAAGGAACATCCTCAGCTATTTCAAAGTCTCTACAGTGCAGATGCCCTTGCAGCTGCCACTTCGTCTCTTTCGTTGGAAAAAGAAGAAAAGATTTCCCAGGATTTGCAGAAGAAGCGTCGAAAGGAGGAGAAGAAACAAGAGAGAGAATTACAGCAAAAGCTGGCATCTAAAGTCCTGATAAAAAAGATTGCTAGAACTAAGAGGAAGCAAGTCATTGCCATATCTGGCCTAGAAGTTTTCAATATTGACATGAAGAAGTTGGCAAAGACTTTTGCGTCAAAATTTGCCACCGGGGCTTCAGTAACTAAGAATCTGGAGAAGAAGGATGAAATTATCATTCAAGGTGATGTTGGTGATGAGGTTGAACAATATATCTTGGAGTTGTTAGAAAAGGACGGGCTAACCGAAGTCAAAGTGGAACAGGTCGATGAAAAGCCAAAAAAGAAGAAGCCTACTGCGCCAGGTACTGGTACTGGCACCGCTACTTCGACATAGTTAAAGTAATAAGCATTTGGCGACACGTCCCAAATTAATGACTTACTCATTCTCTAATATTTGTGTGAATGTTCAACCTAAGGGGCCATTGTACGTTAATTTTGTAGATTAAAGCTATTAGAGTAATTTCTCAGTCTAGAGATGACTATCACTGTTCCTCCTGATACTTTTTTCTCGCGCTTTAACTATCCTTAACATTAGTAGCTCTCCACCTGATCAATTCAATGGAAATTAACTCTAGGAACTTACTGACGATAGGGATACTTCTTCGTGTGGGGTTTTTCATTTATGGACTGTATCAAGATTCTCATTTGGAGGTAAAATATACAGACATTGATTACTACGTGTTTACAGATGCCGCCAAATTTATCGCTAATGACAGATCGCCCTATGCTAGAGAAACCTACAGGTATACTCCATTGCTAGCTCTTTTGCTACTCCCAACAACCTTGGGGGGATTCTATTTTCAATTTGGTAAGGTATTGTTTATGCTCTTTGATTTGCTCACTGGAATTCTGATTCTTAGAATCCTGGAGTTGACAAAGACAAGAGAGAGAAACAGATTGGTTCTCGCAAGTTTATGGCTACTGAATCCAATGGTTATCACAATTAGCAGCAGAGGAAGCTCCGAGTCCATTTTGAGTGCATTGGTCCTAGCCTCAATCTATTCGTTACTGAAGGGAAATATATTTGCCTGTGGACTAGCACTGGGGTTATCAATTCACCTGAAAATCTATCCAATTATCTATTTGCCCACAATGATTGTGTTTTTGAGTCGGGATGGAAAGGTTGTGAAAGGAATGAAAGAAATGAGTCAATATTTTACAAAGGATGCCATATACTTGGTGTGTGTTGCTGGCTTTACGTTTAGTTCGTTAACAGTTCTAATGTTCCATCTATATGGGATGGCTTTTTTGCGAGAAACTTATATTTACCATTTCATTCGAATTGATCACAGGCATAACTTTTCCCTTTACAACACTGCATTGTATTTCGTCTCTTCTTTGGAGCATCAAGGGCTCAAGGGAGATCTACTTAGTTTTGAGAAATGGGCTTTCATTCCTCAATTAGGGTTTTCAGCCGTACTGATTCCTTGGTATTTGACCAAAAAAGATGTCACATCAACCTTTTTTATTCAGACATTTGTCTTTGTCCTGTTCAACAAAGTCATCACTTCCCAATATTTCGTCTGGTACCTCTGTTTGCTTCCCTTTTATTTGAGACAATACAGCAGTTGGAAACAATGGCCCGAATGGGCCGGTTTAGTTATCTGGTCAGCTTCGCAGGGTCTTTGGCTTTATTTCGCTTACCAATTGGAGTTCAAAGGAAGAAGTACTTTCTATCCACAGCTTTTTGGAGCGGCTAGTTTGTTCTTTGCTGGAAATATATACCTTACTGGGCTTTTTGTAAAAAGAACGAAGTCGCTCAGCGAGGCAGATCAAGATAAGGAGAAAAAGCTTAGATAACGCAGAAAGATACGTTAGACGGGATCCAGCCTGATATGCCACACTATAAATATCATCAATGCAAATTTCCGTAATCTCATGTCCTTGAAGACCTCAGTTCATCTTGCCTAATATCTTCAACATCGCGCGCTCAAGAAAATTTCTCCCTTGAAATGGAACTATACTCTCCAGAAGGTCTCAGAGTAGACGGTAGAAGATGGAATGAACTGAGAAGGTTCTACTGTCGTATAAACACCCACCCAATTGTAGCAGATGGGTCTGCTTATGTGGAAGCTGGAAATACAAAAATTGTGTGTCTACTCAATGGTCCCCATGAACCTACGAGGTCTCAAATGAACACCCAAAAGGGATCACTAGACATCAAGTTGCATGTATCACCCTTCAGTACAACAGAAAGAAGGAAAGTCACACGTAATGACAGAAGAATCCAAGAACTAAGCACTATTTTGAAGAATACATTCGAACAAGTGGTGATTTTGAAGAATTATCCTCGCACAATAATTGAAGTTAACGTCAGAGTACTGGCCCAAGATGGTGGATTACTAGCTGCTTGTTGTAATGCTATAACATTAGCTTTGGTAGATGCCGGGATTGCTCTTTACGATTATATATCTGCCGTGTCGGCCGGCGTGTTTGATAACCAAATCCTGTTAGATTTAAACAGATTAGAGGAGCAAGATCTGTCCTCTGTAACAATCGGAGTCGTTGGTAAGACCAAAAAGCTGTCATTAGTACTGTCGGAAACCAGGCTACCACAGGATAGACTGGCTAAGGTTTTCGAAGTCGCTGTGAATGGATGTCATCAATTGAAAGACCAAATGGATGCGCAAGTTGCAAAAAAAGGAAGGGAGAAGGCCATCACGGAAGAATTGAAAACTAACTGGGTGCAGTGAAATATGATTTATGTTCCATTTTCCTTCTTGCCAATTTGGCTGGACTTTTTCTCCCTGTATTGTAGAATTAGAAGGTCTCTATTATGAGCCTCCAATCTTAGTTTCATCAAATCATCGTCAATTAGATCTTGCTTCTTGAATAACGTTCTACACTCGGGACAAAAGCCAGAACCTTGAGATTGTTGCAAGAACTCTAAAATATGAGTTCTTTCGAAACAGTGGCCGCACACCGTTATCTTGACGGGGTTTTTCATCGGCCGTTTAGATATAGGACAAATTAGACTAACCTTACCCCCTGAAATTGCCACGTCGTCATCCTCTGCATCTGGAAGTTCAGATTCAGGATTCAGCGTCACAAATAAATGTTCTTGTAGCAGTTGTAATCTGTTGTTTGCGGTCTCAAAAGTTGCTGAATCAACTTCCAATGTGGACAATAGCGATTCTAATTGATCAGCACAACTAATCTCCTCTCTTTGATCTCTCAACACGTCCAGATTATCCAAGCTGACCTCAGCCGATTCTCTGTAGTTGATTCTTTTTTGCGCCTTGATAGCAGTCAGCGCCACCTGATATCTTGATCGTTCTAACTCTTCTTCAGTGATTTTTCTTCCAGAACTGGTGAACTCATCGATGAGGTTCTTACAATCTTTCTGTATACTTTCTCTAACCTTTTCCAAGGGATCATCGATTAGTTGGAGTGCCTCCATTTCTAGCTTATTGGAGATGAACTTGGAGGCAGTTTGTTCTAGCTGATCCGTGTATCTAGAAACCATTGATCTGAACTGGGTATCATAGAGATTGACTTTCGATAATTCCTGTTGAGCCTCTGGAACTAGTGGGAAAGACGTCGGAAGTTTAATTGCGCTCAGGCCTGCTAATCCCCCATTTCCAGTGGGTTCAGTTTTCATAGCGTGGAGTAGTGAGTTGTAAACAGGTAAAGTGTACAGTAGTTATTTCGAGGATTACATATTTTGTTGGAAAAGCACCCACCCAGAAATAGAGAATACAAATCATTAGTGGCACAATGACGGCCTTACCGGTGCTGTATAAGGTAATAACATTACAGAATCTACACTCTTTGTATATACAATCGTATCAAAGACAGGAGAAGGAGATCACTCTTGATATGGATAAACTTCGGTCAAACATAAACGCTAGTCCGTTGATAGATCCAGCCTACGATCTATGTCAGATAGACACACAAAAAGTTCATAAGGATAACCAGACTAGCCAAGTGATTAGTGGCGAGCAGATTGTCGAAATAATCAACGAATTCTTTTCAGAAAATGGTGGCCAAGCATTGATTCCTATTTCGACTAATGTGTTCAAGATTTCAGAAACTATCAGCATAAATACGATAAAGGATCGACTTATTAAAGTCTTAAACCATTACAAAAACACAACTCTGAGAGAAGTAGCAGCTTTGGAGGCGCAATATCACCTATTAAGGACACAAAAAGAGAAAGTAATTGCCTCAGAAGTATTGAAAGAGGATGAGGATGAGTCTATAGATGAAGTTGAAGACAATAAACCTGAAGAAGCGGAAACCGCCAGGAAAGATTACAAAGTGGATGAGCCTCAGGAGGAGCAGCAAGATGAAGATGAGAAGAGCCCAGCTCCAAAGGAACCATCTAAAAGTGAACTGAGCACTGGTGGTGAATTTTCCAATGGCAGTAAGGAGGAAGAGAATATGGAACAGGCGGAAATTTTGAAAGAGGAAGACACTTCTGAAGAGCACAAAGAGAACAAAAATGAGGAACCTGTTAAGGAGCTTGAGGAGACGGAAAACACAAAAGATGAGAATACTGAGAAGAAAGTTGAAAGTACAGCAGAAAGCCAAATAGAACAACAACATGATATTGATGTCAAGTCAGAGAAAGCAGATGACGAAATTGGTGAAAAGTCAGATCTATCTGAAAAGACGGAGGAAAATCATTCCGAGAAAGAAGAATTAGTCGATTCAACCTTCAATTCTGGAATACAACCAACTGAAACTACCGACAGTGACCAACAGATGGTTGCTGATAGGACTAAGCAAGATCAGGCAATTGGTGAGAAGAAACCCATAGATAACGACTTTGATGGTGATTCTTCCAGTAAGGAAAAATCTAGTGAAGTAATCAGTGAGACACTTAATGGTGAATCTAGCCCAGAAAAGTCTCAAGAGGAGGACAATAATCAGGAGGCAAATGCTACAGAGGAAAGCCCGGAGGAACAGGAGGGTCAACCAGAAGAATCACGGGCAGAAGAAAAGTTGAGTGTGGAAACTACTGATGACAAGAGTTTGCTTGACCGAGAATCTCCTTCTAAAGAATCTGAACGAAAACGTTCCCATGATGCAGATGAATCAGAACAAGAGATCTCTCCATCTAAAAGACAGAAGAAAGAGGATACACAAAAGTCCATCAAAAAGTTCCAAACAATTGCATCAAATCTTATCTCCCAAATCTCCTCTAATAGGTTTGCGTCTACCTTTTTGGCACCCGTGAACAAATCTGAGGAGCCTGAATATTACAAGATTGTTAAACAACCTCAAGATCTGAAGACCATTCTCAAGCACTGCAGAAATGGGGAGATAACCACCTTTGACGAATTGACTAAAGTTCTACAGATCATGTTTACAAATGCCATCATCTATAACGATGAAGACAGTGATGTTTCGAAGCTAACGATTGAAATGATGGAAGAAACTACTAAGATTATAGAGCTGTTCAGAGAAAGTCTGGATTAGTCCTGGACAATGAACTTTATGTACAAAAATATGGGGTTAACGTCTTAGCTGTTGCATCATAAGTTGGTTTTGTTCTTGGAAACGTTGACCAACTCTCTCACTGTGCTTGAGGAACTTTTCTGCACACTTGTTGATGCAGCCTTCCTCCTTAGAAGTCAACTTGTTAGATGTAAAATCATTGACACAGTCTGTAAAACATTTGCTAACCAAATCGGAGTAAAGACGCATGAAGTCTTTCATTTGTTTTTGTTCAACGAGTTTCTGGAACTCTTGTTGTTCTTTAGCGTTCAATGCGTCCATTTTGTGATGTACTTGGTTGGGGTAGAGTTAGCACTTGCTCTCTCTGTTACCAGTTTTTGTCAAGATTGAAGAAAAAAGTTTTTTGGACGGTACACGTCGCACCTATCCTTCGCATTGATCCACTCTAATGAGTTAACATCAACCTGATCAAAGGGATAGATACCTAGACAATGGCTCGCAGTTATGCCGAGAGAGCAAATACTCATCAATCACCTGTGGCACGACGACTGTTTGCGCTTATGGAACAGAAACAGAGTAACCTATGCGCATCAGTCGACGTGAGAACAACTAAAGAATTATTGGAGCTTCTAGATAAATTGGGCCCATTTATCTGTTTGGCCAAGACTCATATCGACATAATTGATGACTTCACGTATGATGGAACTATTCTGCCTTTATTGGAACTATCAAAGAAACACAAGTTTTTAATTTTTGAGGACAGAAAGTTTGCTGATATAGGCAACACTGTCAAGCATCAATATCAAGGAGGTGTCTACAAGATTGCACAATGGGCAGATATTACAAATGCTCATGGTGTCATTGGTAGTGGAATTGTAAAGGGTCTAAAGGAGGCAGCCACTGAGACAACAGATCAACCAAGGGGACTATTGATGTTGGCTGAACTGTCGTCAAAGGGATCAATTGCCCATGGTAAGTACACCGAAGAAACTGTAGAAATTGCAAAATCAGACAAGGAATTCGTCATTGGGTTTATTGCTCAAAATTCTATGGGAGGACAAGATGAAGGGTTCGATTGGATTATTATGACACCAGGTGTTGGTTTGGATGACACTGGTGATGCTCTAGGCCAACAATATCGAACAGTGAGTCAAGTATTTTCCACTGGCACTGACATCATAATCGTAGGTCGTGGTTTGTTTGGCAAGGGCAGAGATCCCTTAAAAGAAGGTGAACGGTATAGAAAAGCTGGGTGGGAAGCTTACCAAAATATTCTGAGGTAAATTACAAGTATGTACAGGGGATCAATTGTTTCGGGCGATTCAACTGAATCGATCTTCAATTTCATCGCTCAATTTTTGACGCAGTATTTCAAACACCAGAAGCCCCACGGATGTTGCTGGAATGGTAGTTAACGCATTCCTAACGAACCCTTTATAAAACCAGCGGGTCCAAGATAGTTTAGACTTCTCATGTAAGCTCACCAACTGGTGGAATGTATCTAAGTATGATCGGTAATATAGACGGAATTTACTTTTCTTATCCCAGGAGTTCTCGTTGAAAATATCCAACGCTTCCAACCTTGCTAAATGTATTGACTGAACTTTAGAAAATGGGTATTGAACGGCTAGTAACGAACATGCAGCGCTAGCACCAGCCAAAAGAATAAAAGTCGTCCTCAGGATATTTTCACTTTTCGTTTTCACTGTGTCACCTTGGGGCCTTCCAAGAAGACTATTTTTCATCCTATCAATTCTCTCCATAGTGTTCTCGGTTATCCTGTAACCTCTATTCTTAATGGCTTCGAATGTTGTGAAATATATAGCAAAGGATGTGCTTTCTTTGACCAGACTCAAGGAGTAGCCAGCAAATACCCCCAGAAAACCACTAGTTTTTAGTTTATGAAGACCGTAAATCCATAAGTTGTCATTCTTGCCCCCAATAATCTCGGAGGCATTAGATCGGGCATATATTGCATCAATTGGGGCAGCTACCAATGACTGCGCAGCTCCAGCTAGAAACCCAGCTCGAAATACATCCACTAGTCTTGGATTTGCTATCGATCTGCCCTCTTGACCGTCAGTATATGACTGCAAACATGATAAATACGTTGTGTAAAGTACAATTCCCATCACAGAATTGGCTACCAATGGTGGCAGGACCTTGTTTGGTATCAACTCCCAACCATGGGTTTTGACGGCTCGTAACAATAGAGCTGGATTTGAGTGGGAAAATGGGCTGTAAGGTTTACCTTTCAAATGAGCTCCAAAGAAGATGCGTATTGGTGCCATGTAGTCAAAACGAGTGGGACGAAACAGTTTGGCTGGTGTCCTCAGGTACAGTGAACTAAATTGGACTAGAACAGCTCTGATCCCAGCTGTCGAAGCAGACACCACTTGAGTGTTTTTGTTGCTAAGAGTAGCCTTTTTAGAATCATCGTTGTCTTCCATAGGTTTCTGGAACACAATGCCAGAGTTCATAGAGGATCAGAGGGGAATTGAGGTGTGTGTATATGTATTTATAGGGGTACCTTACCCTGGACTTTCACGTATTCATGTCTATCTATCGTCGCGAAAACGGTTACTATGAAGAAATTGATTACCTCATCAATATCAGATCGATCTCCTTGAGTAGTTGGAGTAA,Only in file vcf2
only_in_vcf2,LT962478,1505290,-,-,GTCCGCCTTTTACGAAAGTGAAGCCAGTGAAAAGGCAGCCCAGGAGGCAGGCATTGAGATCCAGGCTGCTACCATTGAGGACATAGAGAACTTCAAGAAAGAGTATGTTGTAGCTGCGAAGCTGGCAGTCGAAGTTGCGGGATTTGATTTTATCGAAGTACATGGTGCTCACGGATACCTATTCGACCAATTCTTGCAAGGGAAGGGTGTAAATGAACGAACCGATCAATATGGAGGTACTATTGAAAACAGAGCCAGATTTTTGCTTGAAGTGATTGATCTTTTGATCGATACCGTTGGCGCTGAAAAGTTAGCAATTAGGCTTTCTCCCTGGGCTGAATTTCAAGGTTCTGCAGGAGTCAATGGTGACCCTCATCCAATTGTTCTCTATGGATACGTCCTTTCAGAGCTTGAAAAACGGGCAAAACAGGGAAACAGATTAGCATACATTTCGATTGTGGAACCCAGAGTGAGTGGTATTATTGACGTCTCAGCAGAAGAGGCCAAGAGAAAGGGTATTGCCAGCAATGACTTCGTCCTTGATATCTGGAAAGGTGTGGTTGTGCGTTCTGGAACCTATCTTTCCAACCCAGGATACCCCACGCTAATTAGGGATGTCAATGCAAACGATAGAACATTGATTGGTGCAGGCAGATATTGGACCTCTAATCCTGACTTAGTACAAAGATTGAAGAATGGGCAAAAGCTTACCCATTATGATCGAAACTCCTTCTACCGCAATGACAACTATGGTTACAATACTTGGAAGAAGTATGGGGACGATACAGTGGTAAGCGAGGACGACCCAGTGTCCAAAAAAACTCCCGTTGCGCTGGCCTGAACAGTGTTACCGACGATGAATCACCATTTCAACTAAAGCAATTTTGGAATTCTTGGCTGTATAGATGTTATAAAGGTAGGTAAATGTTATAAAGATTGACTATGAGACTGTATGCATATAGAGTTGTACTTTATTCAAGGATTTCAGAGTCCCTGATTAGTTTGACCATCAAAGCAATATTTTAGTGCTTCGTAGACCATTTCAAGGATTTCCTCAGCTACACTGTTGCGAGGTATTCAGAAACTGGTTATCTTTTCAGTTCAGTTACTGACGCCTAAAAGAAACGACCTGAAAGAAACGCGTGCAGGAAATGAAACAACCTGCGCGGTTAATATAACACAGTAGGAGAAGGCTGTTCAGGGCAGCTCACTAAGATCATTGTAGGAGCATAATAAAACGAAGGCTGGTAGGACATTTTGATGAGTTGATAGTCAGTCCATTTGGATTTGGAATTTCTTTGCAGTCACAATCAACCCCAGACCGCCCGATTCATTCAAGCGTGGGCCAAAGTGTTCTTACGTAACATTTTATTTTTGGTCCAAGCCACATAATCGGGAAGATCCAATCTGAATCTGAACAGTCATAGCGTTATTGACTTTGAACCTTTCACCTGGGTTGTGCTAACGGTTCTCCGCTTGATGCCCTTATCTTCAGTCAAATTTCAAATTTAACTCGCTCTGTATGGCGCTGGTATTGTAAATTCTGACCTGAAAAGACGTTATCACTTAGCTTACTAATGATCTAATGCAGTCCTCCCTGTCGTATAAAGGTAGGAACCTCTTGACTTTTTGCGGTGCTAACTCTTGATTCTTCAAGCGAGATGACAGTTTCTGATCTGAAAGAAACAAACCTTTTCAAGCCAATTAAGGTTGGTAACGTCAACCTGACAACTCGAGTCACTTATGCTCCAACCACTAGAAGGAGAGCGACTGTTGATTTTATTCCCTCTCAGCTACAACTGCAGTACTATGGTGACCGTTCAAAGGATAATGGAGGTCTAATCATAACTGAGGCAACATTCGTTTCCAAGCAGGGAGGCCTGTACGATCAAGCACCTGGTATTTGGTCCGAGAGACAGGCAAAGGCTTGGAGGGCTATTACAGACAAAGTCCACGAAAACAATACTGCCATTTCGGTGCAATTGTGGAATCTGGGAAGGGTCGCTTCTCCAAAATTGGCTAAGGAACATGGTTTGAAGTTGTTAGGACCATCCGCCTTTTACGAAAGTGAAGCCAGTGAAAAGGCAGCCCAGGAGGCAGGCATTGAGATCCAGGCTGCTACCATTGAGGACATAGAGAACTTCAAGAAAGAGTATGTTGTAGCTGCGAAGCTGGCAGTCGAAGTTGCGGGATTTGATTTTATCGAAGTACATGGTGCTCACGGATACCTATTCGACCAATTCTTGCAAGGGAAGGGTGTAAATGAACGAACCGATCAATATGGAGGTACTATTGAAAACAGAGCCAGATTTTTGCTTGAAGTGATTGATCTTTTGATCGATACCGTTGGCGCTGAAAAGTTAGCAATTAGGCTTTCTCCCTGGGCTGAATTTCAAGGTTCTGCAGGAGTCAATGGTGACCCTCATCCAATTGTTCTCTATGGATACGTCCTTTCAGAGCTTGAAAAACGGGCAAAACAGGGAAACAGATTAGCATACATTTCGATTGTGGAACCCAGAGTGAGTGGTATTATTGACGTCTCAGCAGAAGAGGCCAAGAGAAAGGGTATTGCCAGCAATGACTTCGTCCTTGATATCTGGAAAGGTGTGGTTGTGCGTTCTGGAACCTATCTTTCCAACCCAGGATACCCCACGCTAATTAGGGATGTCAATGCAAACGATAGAACATTGATTGGTGCAGGCAGATATTGGACCTCTAATCCTGACTTAGTACAAAGATTGAAGAATGGGCAAAAGCTTACCCATTATGATCGAAACTCCTTCTACCGCAATGACAACTATGGTTACAATACTTGGAAGAAGTATGGGGACGATACAGTGGTAAGCGAGGACGACCCAGTGTCCAAAAAAACTCCCGTTGCGCTGGCCTGAACAGTGTTACCGACGATGAATCACCATTTCAACTAAAGCAATTTTGGAATTCTTGGCTGTATAGATGTTATAAAGGTAGGTAAATGTTATAAAGATTGACTATGAGACTGTATGCATATAGAGTTGTACTTTATTCAAGGATTTCAGAGTCCCTGATTAGTTTGACCATCAAAGCAATATTTTAGTGCTTCGTAGACCATTTCAAGGATTTCCTCAGCTACACTGTTGCGAGGTATTCAGAAACTGGTTATCTTTTCAGTTCAGTTACTGACGCCTAAAAGAAACGACCTGAAAGAAACGCGTGCAGGAAATGAAACAACCTGCGCGGTTAATATAACACAGTAGGAGAAGGCTGTTCAGGGCAGCTCACTAAGATCATTGTAGGAGCATAATAAAACGAAGGCTGGTAGGACATTTTGATGAGTTGATAGTCAGTCCATTTGGATTTGGAATTTCTTTGCAGTCACAATCAACCCCAGACCGCCCGATTCATTCAAGCGTGGGCCAAAGTGTTCTTACGTAACATTTTATTTTTGGTCCAAGCCACATAATCGGGAAGATCCAATCTGAATCTGAACAGTCATAGCGTTATTGACTTTGAACCTTTCACCTGGGTTGTGCTAACGGTTCTCCGCTTGATGCCCTTATCTTCAGTCAAATTTCAAATTTAACTCGCTCTGTATGGCGCTGGTATTGTAAATTCTGACCTGAAAAGACGTTATCACTTAGCTTACTAATGATCTAATGCAGTCCTCCCTGTCGTATAAAGGTAGGAACCTCTTGACTTTTTGCGGTGCTAACTCTTGATTCTTCAAGCGAGATGACAGTTTCTGATCTGAAAGAAACAAACCTTTTCAAGCCAATTAAGGTTGGTAACGTCAACCTGACAACTCGAGTCACTTATGCTCCAACCACTAGAAGGAGAGCGACTGTTGATTTTATTCCCTCTCAGCTACAACTGCAGTACTATGGTGACCGTTCAAAGGATAATGGAGGTCTAATCATAACTGAGGCAACATTCGTTTCCAAGCAGGGAGGCCTGTACGATCAAGCACCTGGTATTTGGTCCGAGAGACAGGCAAAGGCTTGGAGGGCTATTACAGACAAAGTCCACGAAAACAATACTGCCATTTCGGTGCAATTGTGGAATCTGGGAAGGGTCGCTTCTCCAAAATTGGCTAAGGAACATGGTTTGAAGTTGTTAGGACCA,G,Only in file vcf2
same_variant,LT962478,1668859,G,GA,G,GA,Same_variant
same_variant,LT962478,2048084,T,TA,T,TA,Same_variant
same_variant,LT962478,2153699,A,AT,A,AT,Same_variant
only_in_vcf1,LT962478,2207650,C,CT,-,-,Only in file vcf1
same_variant,LT962478,2261619,AC,A,AC,A,Same_variant
same_variant,LT962478,2262475,T,C,T,C,Same_variant
same_variant,LT962479,8026,GT,G,GT,G,Same_variant
same_variant,LT962479,177282,G,GA,G,GA,Same_variant
only_in_vcf1,LT962479,476587,T,TG,-,-,Only in file vcf1
same_variant,LT962479,553702,T,TG,T,TG,Same_variant
same_variant,LT962479,615377,C,CG,C,CG,Same_variant
same_variant,LT962479,734272,A,AT,A,AT,Same_variant
same_variant,LT962479,889247,A,AT,A,AT,Same_variant
only_in_vcf1,LT962479,1707737,G,GA,-,-,Only in file vcf1
only_in_vcf1,LT962479,1755024,T,TGAGAGTTACGTAACTACCACCCAACCATGGACCGGCACTTACGAGACTACTTACACCGTCCCACCAAGTGGAACCGAGCCAGGAATTGTTATTATCGAGACTCCTGAGAGTTACGTAACTACTACCCAACCGTGGACTGGTACTTACGAGACTACTTACACCGTCCCACCTACCGGTACTGAACCAGGCACCGTTATCATCGAGACTCCCGAGAGTTACGTAACTACCACCCAACCATGGACCGGCACTTACGAGACTACTTACACCGTCCCACCTACCGGTACTGAACCAGGAACTGTTATCATCGAGACCCCTGAGAGTTACGTAACTACTACCCAACCGTGGACTGGTACTTACGAGACCACTTACACGGTTCCGCCTTCAGGTACTGAGCCAGGAACTGTTATCATCGAGACTCCCGAGAGTTACGTAACTACTACCCAACCGTGGACTGGTACTTACGAGACCACTTACACGGTTCCGCCTTCAGGTACTGAGCCAGGAACTGTTGTGATTGAGACTCCCGAAATTACTGATTGTGAGGCAGTTTGTTGTGGAGCAGTGCCAACATCAGACCCACTTAGAAGGAGAGACGTTTGTGACTGTGAAACTTTCTGCTGTCCAGGAGATACAAACTGTGAAACGTACGTGACCACTACCCAACCATGGACCGGTACTTACGAGACCACTTACACCGTCCCACCAAGTGGAACCGAGCCAGGAACTGTTATTATCGAGACCCCTGAGAGTTACGTAACTACCACCCAACCATGGACCGGCACTTACGAGACTACTTACACCGTCCCACCTACCGGTACTGAACCAGGCACCGTTATCATCGAGACTCCCGAGAGTTACGTAACTACCACCCAACCATGGACCGGCACTTACGAGACTACTTACACCGTCCCACCAAGTGGCACCCAACCAGGAACTGTTATTATCGAGACCCCTGAGAGTTACGTAACTACTACCCAACCATGGACCGGCACTTACGAGACTACTTACACCGTCCCACCTACCGGTACTGAACCAGGCACCGTTATCATCGAGACTCCCGAGAGTTACGTAACTACCACCCAACCATGGACCGGCACTTACGAGACTACTTACACCGTCCCACCAAGTGGAACCGAGCCAGGAACTGTTATTATCGAGACCCCTGAGAGTTACGTAACTACCACCCAACCATGGACCGGCACTTACGAGACTACTTACACCGTCCCACCAAGTGGCACCCAACCAGGAACTGTTATTATCGAGACCCCTGAGAGTTACGTAACTACTACCCAACCATGGACCGGCACTTACGAGACTACTTACACCGTCCCACCTACCGGTACTGAACCAGGCACCGTTATCATCGAGACTCCC,-,-,Only in file vcf1
only_in_vcf2,LT962479,1825824,-,-,G,A,Only in file vcf2
only_in_vcf2,LT962479,1825828,-,-,A,G,Only in file vcf2
only_in_vcf2,LT962479,1825829,-,-,C,T,Only in file vcf2
only_in_vcf2,LT962479,1825830,-,-,C,CGT,Only in file vcf2
only_in_vcf2,LT962479,1825835,-,-,T,C,Only in file vcf2
only_in_vcf2,LT962479,1826029,-,-,ATT,A,Only in file vcf2
only_in_vcf2,LT962479,1826034,-,-,G,A,Only in file vcf2
only_in_vcf2,LT962479,1826038,-,-,C,G,Only in file vcf2
only_in_vcf2,LT962479,1826044,-,-,A,G,Only in file vcf2
only_in_vcf2,LT962479,1826047,-,-,G,T,Only in file vcf2
only_in_vcf2,LT962479,1826079,-,-,A,T,Only in file vcf2
same_variant,LT962479,1826486,GC,G,GC,G,Same_variant
same_variant,LT962479,1826660,T,TG,T,TG,Same_variant
same_variant,LT962479,1826738,T,TA,T,TA,Same_variant
same_variant,LT962479,1826821,CT,C,CT,C,Same_variant
same_variant,LT962479,1826864,G,GT,G,GT,Same_variant
same_variant,LT962479,1826873,AAT,A,AAT,A,Same_variant
same_variant,LT962479,1826877,A,T,A,T,Same_variant
same_variant,LT962479,1826884,CA,C,CA,C,Same_variant
same_variant,LT962479,1826910,T,TC,T,TC,Same_variant
same_variant,LT962479,1826940,AC,A,AC,A,Same_variant
same_variant,LT962479,1826948,T,TC,T,TC,Same_variant
same_variant,LT962479,1826964,GA,G,GA,G,Same_variant
same_variant,LT962479,1827708,C,CGAG,C,CGAG,Same_variant
